source,source_id,query,title,manufacturer_name,frame_model,year,description,image_url,thumb_url,page_url,stolenness,license_note,relative_image_path,absolute_image_path,downloaded,prefilter_score,prefilter_decision,prefilter_reasons,width,height,aspect_ratio,edge_box_ratio_w,edge_box_ratio_h,edge_box_aspect,edge_density
bike_index,680045,road bike side,2007 Performance tirreno razza 3.0,Performance,tirreno razza 3.0,2007,52 cm road bike. Dark green frame with white tape on drop bars. there is a small bit of neo green duck tape on one end. there is a saddle bag and rear rack. the seat is terry brand and has a butterfly stiched on it.,https://files.bikeindex.org/uploads/Pu/211901/large_Screenshot_20191218-055450_Chrome.jpg,https://files.bikeindex.org/uploads/Pu/211901/small_Screenshot_20191218-055450_Chrome.jpg,https://bikeindex.org/bikes/680045,,来源于 Bike Index 公开 API 记录，建议仅用于研究与标注筛选。,bike_index\565cde04efb190d2.jpg,E:\cocoon\study\复习资料\数据可视化\bike_data_platform\data\raw\images\bike_index\565cde04efb190d2.jpg,True,4,drop,query含 side (+4) | query含 road bike (+2) | text含 road bike (+1) | text含 frame (+1) | text含 bag (-1) | 图片接近竖图或竖图 (-4) | 分辨率足够 (+1) | 主体边缘横向覆盖较宽 (+2) | 主体边缘框偏竖向，疑似非整车侧视 (-3) | 图像边缘密度适中 (+1),506,900,0.5622,1.0,0.8418,0.6659,0.099419
bike_index,3219217,road bike side,2020 iGo Electric Bikes EX large Black Fat tire bike from Cos...,iGo Electric Bikes,EX large Black Fat tire bike from Costco. Very large bike,2020,"Extremely large frame as I am 6'4"" and it is big for me.  I have Key and charger so Battery will no last long.  Bike has black fenders, back carry rack, disc brakes, and stickers for Apple  on back fender and happy 'everyone needs a banner stickers on front of frame. One of 2 bike stolen from Mayfair is SW  Calgary. Recovered one road bike to date.",https://files.bikeindex.org/uploads/Pu/979751/large_IMG_4628.jpeg,https://files.bikeindex.org/uploads/Pu/979751/small_IMG_4628.jpeg,https://bikeindex.org/bikes/3219217,,来源于 Bike Index 公开 API 记录，建议仅用于研究与标注筛选。,bike_index\afc2ea37cce0693b.jpeg,E:\cocoon\study\复习资料\数据可视化\bike_data_platform\data\raw\images\bike_index\afc2ea37cce0693b.jpeg,True,3,drop,query含 side (+4) | query含 road bike (+2) | text含 road bike (+1) | text含 frame (+1) | 图片接近竖图或竖图 (-4) | 分辨率足够 (+1) | 主体边缘横向覆盖较宽 (+2) | 主体几乎占满垂直方向，疑似非侧视整车 (-2) | 主体边缘框偏竖向，疑似非整车侧视 (-3) | 图像边缘密度适中 (+1),675,900,0.75,1.0,1.0,0.75,0.102829
bike_index,1523552,gravel bike side,2022 REI Co-op Road,REI Co-op,Road,2022,Black REI bike with a behind the seat basket that has orange connectors. Back tire doesn’t match the front and is a continental brand gravel tire. A kryptonite bike chain is locked around the frame. And a black kickstand. A silver bell is on the right side of the handlebars. The handlebars are brown from the sun.,https://files.bikeindex.org/uploads/Pu/700549/large_E72107EE-8FB7-4B04-9FD8-5B30F75872AB.jpeg,https://files.bikeindex.org/uploads/Pu/700549/small_E72107EE-8FB7-4B04-9FD8-5B30F75872AB.jpeg,https://bikeindex.org/bikes/1523552,,来源于 Bike Index 公开 API 记录，建议仅用于研究与标注筛选。,bike_index\73675aa50f66a9bb.jpeg,E:\cocoon\study\复习资料\数据可视化\bike_data_platform\data\raw\images\bike_index\73675aa50f66a9bb.jpeg,True,3,drop,query含 side (+4) | query含 gravel bike (+2) | text含 gravel bike (+1) | text含 frame (+1) | 图片接近竖图或竖图 (-4) | 分辨率足够 (+1) | 主体边缘横向覆盖较宽 (+2) | 主体几乎占满垂直方向，疑似非侧视整车 (-2) | 主体边缘框偏竖向，疑似非整车侧视 (-3) | 图像边缘密度适中 (+1),675,900,0.75,1.0,1.0,0.75,0.091014
bike_index,645031,road bike side,2015 Knolly Podium,Knolly,Podium,2015,"Bike is all black and has Stans FLOW rear wheel with unmarked black front wheel. Maxxis rear tire and Bontrager front tire. Mint condition Can Creek DB Coil rear shock with Rockshox Boxxer Coil front fork with NO MARKINGS on the fork lowers. Also has the sun-bleached outline of an old ""Rock'n'Road"" sticker on the right side of the frame. Diety carbon handlebars with white logos and brown steel Diety pedals. Grey grips. Had a red strap holding a small tool underneath the saddle. Has ""TRUST THE PROCESS"" written on the front fender!",https://files.bikeindex.org/uploads/Pu/178297/large_IMG_20190416_184656056.jpg,https://files.bikeindex.org/uploads/Pu/178297/small_IMG_20190416_184656056.jpg,https://bikeindex.org/bikes/645031,,来源于 Bike Index 公开 API 记录，建议仅用于研究与标注筛选。,bike_index\1fc1efab8a6de1d5.jpg,E:\cocoon\study\复习资料\数据可视化\bike_data_platform\data\raw\images\bike_index\1fc1efab8a6de1d5.jpg,True,3,drop,query含 side (+4) | query含 road bike (+2) | text含 road bike (+1) | text含 frame (+1) | text含 wheel (+1) | text含 pedal (-1) | 图片接近竖图或竖图 (-4) | 分辨率足够 (+1) | 主体边缘横向覆盖较宽 (+2) | 主体几乎占满垂直方向，疑似非侧视整车 (-2) | 主体边缘框偏竖向，疑似非整车侧视 (-3) | 图像边缘密度适中 (+1),675,900,0.75,1.0,0.998,0.7515,0.119425
bike_index,636218,city bike side,2016 Trek 7.2 fx series,Trek,7.2 fx series,2016,"Model Year	2016
Options	13"" Seeglass Crystal White 

15"" Seeglass Crystal White 

17"" Seeglass Crystal White 

19"" Seeglass Crystal White 

15"" Stagger Seeglass Crystal White 

17.5"" Stagger Seeglass Crystal White 

20"" Stagger Seeglass Crystal White 
Style	FX, put simply, means fitness. It offers a best-of-both-worlds combination of road bike speed and city bike comfort. Itâ��s a perfect fitness bike, and so much more.

FX is fast, fun, and agile enough for a multitude of uses. From fitness and commuting to errands and mellow Sunday loops, you'll find your ride on FX.
Frame	WSD FX Alpha Silver Aluminium, DuoTrap S compatible, rack & mudguard mounts
Rear Derailleur	
Shimano Acera
Shifters	Shimano Altus EF51, 8-speed
Chainset	Shimano M131, 48/38/28 w/chainguard
Chain	KMC Z7
Freewheel	Shimano HG31, 11-32, 8-speed
Headset	VP Slimstak, sealed semi-cartridge bearings
Stem	Bontrager Comp, 25.4mm, 10-degree
Handlebars	Bontrager Low Riser alloy, 25.4mm, 15mm rise
Front Brake	Tektro alloy linear-pull
Rear Brake	Tektro alloy linear-pull
Brake Levers	Tektro alloy
Tyres	Bontrager H2 Hard-Case Lite w/puncture resistant belt, 700x35c
Saddle	Bontrager SSR WSD
Seatpost	Bontrager SSR, 2-bolt head, 27.2mm, 12mm offset",https://files.bikeindex.org/uploads/Pu/174608/large_Screenshot_20190807-083128.png,https://files.bikeindex.org/uploads/Pu/174608/small_Screenshot_20190807-083128.png,https://bikeindex.org/bikes/636218,,来源于 Bike Index 公开 API 记录，建议仅用于研究与标注筛选。,bike_index\8b8384693f82d282.png,E:\cocoon\study\复习资料\数据可视化\bike_data_platform\data\raw\images\bike_index\8b8384693f82d282.png,True,3,drop,query含 side (+4) | query含 city bike (+1) | text含 road bike (+1) | text含 frame (+1) | text含 wheel (+1) | 图片接近竖图或竖图 (-4) | 分辨率足够 (+1) | 主体边缘横向覆盖较宽 (+2) | 主体几乎占满垂直方向，疑似非侧视整车 (-2) | 主体边缘框偏竖向，疑似非整车侧视 (-3) | 图像边缘密度适中 (+1),535,900,0.5944,1.0,1.0,0.5938,0.089105
bike_index,354755,mountain bike side,Fuji,Fuji,,,"a completely custom built single speed road bike, not technically fancy, but actually quite fancy. 
the two most unique things were an ideale type record 80 saddle that is quite worn, and actually custom punched and laced underneath, just above the rails. the second thing are the custom built cherry wood fenders. they are made locally by paul sykes and says ""sykes"" on the rear fender. they have leather arrow tip shaped mud flaps, and are only wide enough to accommodate up to 700c x 25 tires. 
the frame was unpainted and unfinished with a clear sealant. 
the wheel set is a black deep v origin8 single speed set with machined side walls.
the freewheel is white industries eno, 17 tooth if i remember correctly. 
the handlebars are soma condorina bars that look like cafe racer motorcycle bars. 
the grips are worn leather PDW (portland design works.
mountain style tektro break levers. 
the tires are red-walled continental vintage/classic or whatever term they used. 
there are black power grips on the pedals. 
there was a black minihaha brand saddle bag on the back of the saddle. 
black seatpost.  
black cable housing. 
black pedals. 
silver crank, silver origin8 48 tooth cog, i believe. 
the serial number will be under the bottom bracket, but i misplaced any pictures i'd previously taken of it. ",https://files.bikeindex.org/uploads/Pu/94202/large_IMG_5848.JPG,https://files.bikeindex.org/uploads/Pu/94202/small_IMG_5848.JPG,https://bikeindex.org/bikes/354755,,来源于 Bike Index 公开 API 记录，建议仅用于研究与标注筛选。,bike_index\01e0ef8d2d987d21.jpg,E:\cocoon\study\复习资料\数据可视化\bike_data_platform\data\raw\images\bike_index\01e0ef8d2d987d21.jpg,True,3,drop,query含 side (+4) | query含 mountain bike (+2) | text含 road bike (+1) | text含 mountain bike (+1) | text含 frame (+1) | text含 wheel (+1) | text含 bag (-1) | text含 pedal (-1) | 图片接近竖图或竖图 (-4) | 分辨率足够 (+1) | 主体边缘横向覆盖较宽 (+2) | 主体几乎占满垂直方向，疑似非侧视整车 (-2) | 主体边缘框偏竖向，疑似非整车侧视 (-3) | 图像边缘密度适中 (+1),675,900,0.75,1.0,1.0,0.75,0.113464
bike_index,3352534,mountain bike side,2024 Trek Dual Sport 1 Mountain Bike Color Dark...,Trek,Dual Sport 1 Mountain Bike Color Dark Olive Green,2024,"Dual Sport 1  TREK Mountain Bike without shocks. Its is very dark highland green, composite frame. A yellow stripe going around the seat side edge.  I have receipts of Dealer Purchase & repairs.",https://files.bikeindex.org/uploads/Pu/1010255/large_IMG-20260215-WA0000.jpg,https://files.bikeindex.org/uploads/Pu/1010255/small_IMG-20260215-WA0000.jpg,https://bikeindex.org/bikes/3352534,,来源于 Bike Index 公开 API 记录，建议仅用于研究与标注筛选。,bike_index\b15d80001e35c398.jpg,E:\cocoon\study\复习资料\数据可视化\bike_data_platform\data\raw\images\bike_index\b15d80001e35c398.jpg,True,3,drop,query含 side (+4) | query含 mountain bike (+2) | text含 mountain bike (+1) | text含 frame (+1) | 图片接近竖图或竖图 (-4) | 分辨率足够 (+1) | 主体边缘横向覆盖较宽 (+2) | 主体几乎占满垂直方向，疑似非侧视整车 (-2) | 主体边缘框偏竖向，疑似非整车侧视 (-3) | 图像边缘密度适中 (+1),671,900,0.7456,1.0,0.9941,0.7485,0.104269
bike_index,783659,mountain bike side,2009 Giant CRS Zero,Giant,CRS Zero,2009,"Giant CRS Zero bike. Silver chrome aluminium frame with grey silver carbon fibre forks.

Silver handle bars with black grips and silver seat post with black saddle w/grey stripe at the back of the saddle.

Shimano Deore brakes and gears (both silver finish)

Giant Xero wheels with Onza Allegra 700x32C medium hybrid tyres. Black pedals

Silver chrome bell on left hand side of handlebars
",https://files.bikeindex.org/uploads/Pu/280880/large_WhatsApp_Image_2020-07-07_at_00.06.32.jpeg,https://files.bikeindex.org/uploads/Pu/280880/small_WhatsApp_Image_2020-07-07_at_00.06.32.jpeg,https://bikeindex.org/bikes/783659,,来源于 Bike Index 公开 API 记录，建议仅用于研究与标注筛选。,bike_index\7992b624c9b53f87.jpeg,E:\cocoon\study\复习资料\数据可视化\bike_data_platform\data\raw\images\bike_index\7992b624c9b53f87.jpeg,True,3,drop,query含 side (+4) | query含 mountain bike (+2) | text含 mountain bike (+1) | text含 frame (+1) | text含 wheel (+1) | text含 pedal (-1) | 图片接近竖图或竖图 (-4) | 分辨率足够 (+1) | 主体边缘横向覆盖较宽 (+2) | 主体几乎占满垂直方向，疑似非侧视整车 (-2) | 主体边缘框偏竖向，疑似非整车侧视 (-3) | 图像边缘密度适中 (+1),675,900,0.75,1.0,1.0,0.75,0.116058
bike_index,3198398,road bike side,2016 Specialized Dolce,Specialized,Dolce,2016,,https://files.bikeindex.org/uploads/Pu/969108/large_IMG_3258.jpeg,https://files.bikeindex.org/uploads/Pu/969108/small_IMG_3258.jpeg,https://bikeindex.org/bikes/3198398,,来源于 Bike Index 公开 API 记录，建议仅用于研究与标注筛选。,bike_index\efd1f20d9922867c.jpeg,E:\cocoon\study\复习资料\数据可视化\bike_data_platform\data\raw\images\bike_index\efd1f20d9922867c.jpeg,True,2,drop,query含 side (+4) | query含 road bike (+2) | text含 road bike (+1) | 图片接近竖图或竖图 (-4) | 分辨率足够 (+1) | 主体边缘横向覆盖较宽 (+2) | 主体几乎占满垂直方向，疑似非侧视整车 (-2) | 主体边缘框偏竖向，疑似非整车侧视 (-3) | 图像边缘密度适中 (+1),675,900,0.75,1.0,1.0,0.75,0.109075
bike_index,1449222,road bike side,2003 Gary Fisher Advance,Gary Fisher,Advance,2003,Silver Series aluminum,https://files.bikeindex.org/uploads/Pu/664564/large_Gary_Fisher_Bike.SN_Picture.JPG,https://files.bikeindex.org/uploads/Pu/664564/small_Gary_Fisher_Bike.SN_Picture.JPG,https://bikeindex.org/bikes/1449222,,来源于 Bike Index 公开 API 记录，建议仅用于研究与标注筛选。,bike_index\42317cc158c8e474.jpg,E:\cocoon\study\复习资料\数据可视化\bike_data_platform\data\raw\images\bike_index\42317cc158c8e474.jpg,True,2,drop,query含 side (+4) | query含 road bike (+2) | text含 road bike (+1) | 图片接近竖图或竖图 (-4) | 分辨率足够 (+1) | 主体边缘横向覆盖较宽 (+2) | 主体几乎占满垂直方向，疑似非侧视整车 (-2) | 主体边缘框偏竖向，疑似非整车侧视 (-3) | 图像边缘密度适中 (+1),675,900,0.75,1.0,1.0,0.75,0.101018
bike_index,1015898,road bike side,2010 Fuji Roubaix Acr 2.0,Fuji,Roubaix Acr 2.0,2010,"Red Gripped with MS 150 stickers on the stem. Minor rock strike on too frame on right side of bike just behind ACR wording. Gray Look pedals. Gator Skin Tires. Cateye Strada. Fuji Altair 2 custom butted aluminum Integrated 1 1/4"" lower head tube, BB-30 bb shell, Overlize seat tube, Double water bottle mounts. Rear triangle: Fuji C-4 carbon seat stays, Altair 2 aluminum ETC chain stays, Forged road dropout with replaceable derailleur hanger,",https://files.bikeindex.org/uploads/Pu/412315/large_Screenshot_20210307-232317.png,https://files.bikeindex.org/uploads/Pu/412315/small_Screenshot_20210307-232317.png,https://bikeindex.org/bikes/1015898,,来源于 Bike Index 公开 API 记录，建议仅用于研究与标注筛选。,bike_index\f4f014176a0e4d59.png,E:\cocoon\study\复习资料\数据可视化\bike_data_platform\data\raw\images\bike_index\f4f014176a0e4d59.png,True,2,drop,query含 side (+4) | query含 road bike (+2) | text含 road bike (+1) | text含 frame (+1) | text含 pedal (-1) | 图片接近竖图或竖图 (-4) | 分辨率足够 (+1) | 主体边缘横向覆盖较宽 (+2) | 主体几乎占满垂直方向，疑似非侧视整车 (-2) | 主体边缘框偏竖向，疑似非整车侧视 (-3) | 图像边缘密度适中 (+1),506,900,0.5622,1.0,1.0,0.5605,0.115615
bike_index,957508,road bike side,2014 Giant Defy Composite 2,Giant,Defy Composite 2,2014,,https://files.bikeindex.org/uploads/Pu/374817/large_IMG_2637.jpeg,https://files.bikeindex.org/uploads/Pu/374817/small_IMG_2637.jpeg,https://bikeindex.org/bikes/957508,,来源于 Bike Index 公开 API 记录，建议仅用于研究与标注筛选。,bike_index\da275270353debe3.jpeg,E:\cocoon\study\复习资料\数据可视化\bike_data_platform\data\raw\images\bike_index\da275270353debe3.jpeg,True,2,drop,query含 side (+4) | query含 road bike (+2) | text含 road bike (+1) | 图片接近竖图或竖图 (-4) | 分辨率足够 (+1) | 主体边缘横向覆盖较宽 (+2) | 主体几乎占满垂直方向，疑似非侧视整车 (-2) | 主体边缘框偏竖向，疑似非整车侧视 (-3) | 图像边缘密度适中 (+1),675,900,0.75,1.0,1.0,0.75,0.119548
bike_index,944217,road bike side,2020 Cannondale Quick Disc 4,Cannondale,Quick Disc 4,2020,"Hot pink women's cannondale bike. non-road bike handlebars, water bottle holder in the middle. ",https://files.bikeindex.org/uploads/Pu/357892/large_IMG_1616.JPG,https://files.bikeindex.org/uploads/Pu/357892/small_IMG_1616.JPG,https://bikeindex.org/bikes/944217,,来源于 Bike Index 公开 API 记录，建议仅用于研究与标注筛选。,bike_index\02050aab9e955c52.jpg,E:\cocoon\study\复习资料\数据可视化\bike_data_platform\data\raw\images\bike_index\02050aab9e955c52.jpg,True,2,drop,query含 side (+4) | query含 road bike (+2) | text含 road bike (+1) | 图片接近竖图或竖图 (-4) | 分辨率足够 (+1) | 主体边缘横向覆盖较宽 (+2) | 主体几乎占满垂直方向，疑似非侧视整车 (-2) | 主体边缘框偏竖向，疑似非整车侧视 (-3) | 图像边缘密度适中 (+1),675,900,0.75,1.0,1.0,0.75,0.115957
bike_index,788944,road bike side,2004 Trek 5200 Carbon 120,Trek,5200 Carbon 120,2004,"Road-racing bike, carbon fibre  dark blue frame.  Shimano Ultegra components.  Selle Italia C2 Gel Flow Black Saddle W135xL278.  Vredestein Fortezza 700x23c Tri Comp clincher tires.  Recently installed canary yellow handlebar taping.  Shimano Ultegra two-bolt system clip in pedals.  Triple front sprocket
",https://files.bikeindex.org/uploads/Pu/285082/large_gerald_radke_police_file_20197798_additional_pictures_1_fix.jpg,https://files.bikeindex.org/uploads/Pu/285082/small_gerald_radke_police_file_20197798_additional_pictures_1_fix.jpg,https://bikeindex.org/bikes/788944,,来源于 Bike Index 公开 API 记录，建议仅用于研究与标注筛选。,bike_index\74e33c8ca9efb6f1.jpg,E:\cocoon\study\复习资料\数据可视化\bike_data_platform\data\raw\images\bike_index\74e33c8ca9efb6f1.jpg,True,2,drop,query含 side (+4) | query含 road bike (+2) | text含 road bike (+1) | text含 frame (+1) | text含 pedal (-1) | 图片接近竖图或竖图 (-4) | 分辨率足够 (+1) | 主体边缘横向覆盖较宽 (+2) | 主体几乎占满垂直方向，疑似非侧视整车 (-2) | 主体边缘框偏竖向，疑似非整车侧视 (-3) | 图像边缘密度适中 (+1),782,900,0.8689,1.0,1.0,0.8672,0.105434
bike_index,617231,road bike side,2019 DCO - Grey Road bike Road,DCO - Grey Road bike,Road,2019,Grey DCO road bike as seen in pics,https://files.bikeindex.org/uploads/Pu/161225/large_oco_stolen_grey_bike_.jpg,https://files.bikeindex.org/uploads/Pu/161225/small_oco_stolen_grey_bike_.jpg,https://bikeindex.org/bikes/617231,,来源于 Bike Index 公开 API 记录，建议仅用于研究与标注筛选。,bike_index\fe1eb0b864df19bc.jpg,E:\cocoon\study\复习资料\数据可视化\bike_data_platform\data\raw\images\bike_index\fe1eb0b864df19bc.jpg,True,2,drop,query含 side (+4) | query含 road bike (+2) | text含 road bike (+1) | 图片接近竖图或竖图 (-4) | 分辨率足够 (+1) | 主体边缘横向覆盖较宽 (+2) | 主体几乎占满垂直方向，疑似非侧视整车 (-2) | 主体边缘框偏竖向，疑似非整车侧视 (-3) | 图像边缘密度适中 (+1),675,900,0.75,1.0,1.0,0.75,0.092509
bike_index,567112,road bike side,1980 Nishiki Road bike,Nishiki,Road bike,1980,,https://files.bikeindex.org/uploads/Pu/146682/large_IMG_3282.JPG,https://files.bikeindex.org/uploads/Pu/146684/small_my_bike_was_stolen_2019.jpg,https://bikeindex.org/bikes/567112,,来源于 Bike Index 公开 API 记录，建议仅用于研究与标注筛选。,bike_index\659799cb7ab0a6f2.jpg,E:\cocoon\study\复习资料\数据可视化\bike_data_platform\data\raw\images\bike_index\659799cb7ab0a6f2.jpg,True,2,drop,query含 side (+4) | query含 road bike (+2) | text含 road bike (+1) | 图片接近竖图或竖图 (-4) | 分辨率足够 (+1) | 主体边缘横向覆盖较宽 (+2) | 主体几乎占满垂直方向，疑似非侧视整车 (-2) | 主体边缘框偏竖向，疑似非整车侧视 (-3) | 图像边缘密度适中 (+1),507,900,0.5633,1.0,1.0,0.5625,0.107537
bike_index,419740,road bike side,2005 Giant OCR,Giant,OCR,2005,"It is a 54cm 2005-2010 Giant OCR road bike with Origin 8 wheels and gray camouflage handlebar tape. There is a ""Pedal Power Bike Shop"" label on the down tube (highlighted yellow on the attached image) and a Cateye bike computer set up on the right side (highlighted red on the attached image). There are some small circular dents in the paint of the top tube as well.",https://files.bikeindex.org/uploads/Pu/135183/large_image1.jpg,https://files.bikeindex.org/uploads/Pu/135183/small_image1.jpg,https://bikeindex.org/bikes/419740,,来源于 Bike Index 公开 API 记录，建议仅用于研究与标注筛选。,bike_index\941c585afa8dd24f.jpg,E:\cocoon\study\复习资料\数据可视化\bike_data_platform\data\raw\images\bike_index\941c585afa8dd24f.jpg,True,2,drop,query含 side (+4) | query含 road bike (+2) | text含 road bike (+1) | text含 wheel (+1) | text含 pedal (-1) | 图片接近竖图或竖图 (-4) | 分辨率足够 (+1) | 主体边缘横向覆盖较宽 (+2) | 主体几乎占满垂直方向，疑似非侧视整车 (-2) | 主体边缘框偏竖向，疑似非整车侧视 (-3) | 图像边缘密度适中 (+1),506,900,0.5622,1.0,1.0,0.5605,0.110627
bike_index,378368,road bike side,2016 Trek Trek 8.3 DS 17.5 TRE,Trek,Trek 8.3 DS 17.5 TRE,2016,"2015/2016 - Trek 8.3 DS 17.5 TRE
Bike body is black with blue decals. Most of body is covered in IT-related stickers (one big ""I <heart> LINUX"" sticker)
Wraparound black plastic fenders with rubber ends on both wheels
Back tire is puncture-proof with retroreflective ring.
Shocks are adjustable. 
Disk brakes.
3 gears in front. 7 in back. Clicky shifters on handlebars.
Black metal back-rack on bike with blue saddle bag on one side.
PICTURES: https://imgur.com/a/fOqBd",https://files.bikeindex.org/uploads/Pu/106336/large_IMG_20170827_174312.jpg,https://files.bikeindex.org/uploads/Pu/106349/small_IMG_20170827_174217.jpg,https://bikeindex.org/bikes/378368,,来源于 Bike Index 公开 API 记录，建议仅用于研究与标注筛选。,bike_index\94169212d5dbec27.jpg,E:\cocoon\study\复习资料\数据可视化\bike_data_platform\data\raw\images\bike_index\94169212d5dbec27.jpg,True,2,drop,query含 side (+4) | query含 road bike (+2) | text含 road bike (+1) | text含 wheel (+1) | text含 bag (-1) | 图片接近竖图或竖图 (-4) | 分辨率足够 (+1) | 主体边缘横向覆盖较宽 (+2) | 主体几乎占满垂直方向，疑似非侧视整车 (-2) | 主体边缘框偏竖向，疑似非整车侧视 (-3) | 图像边缘密度适中 (+1),675,900,0.75,1.0,1.0,0.75,0.066625
bike_index,374123,road bike side,Bianchi,Bianchi,,,"Road bike. Grey frame with celeste (seafoam) green tubing, green handlebar tape, and green seat. Bianchi lettering has green and pink. White grips on handlebar are slightly beat up on the top (from a crash). The green seat has a hole on the left side (from a crash).  Silver track pedals.",https://files.bikeindex.org/uploads/Pu/102556/large_IMG_1647.JPG,https://files.bikeindex.org/uploads/Pu/102556/small_IMG_1647.JPG,https://bikeindex.org/bikes/374123,,来源于 Bike Index 公开 API 记录，建议仅用于研究与标注筛选。,bike_index\140ad90d182a72b6.jpg,E:\cocoon\study\复习资料\数据可视化\bike_data_platform\data\raw\images\bike_index\140ad90d182a72b6.jpg,True,2,drop,query含 side (+4) | query含 road bike (+2) | text含 road bike (+1) | text含 frame (+1) | text含 pedal (-1) | 图片接近竖图或竖图 (-4) | 分辨率足够 (+1) | 主体边缘横向覆盖较宽 (+2) | 主体几乎占满垂直方向，疑似非侧视整车 (-2) | 主体边缘框偏竖向，疑似非整车侧视 (-3) | 图像边缘密度适中 (+1),675,900,0.75,1.0,1.0,0.75,0.107778
bike_index,361177,road bike side,Giant Rapid,Giant,Rapid,,"Road bike, white with silver and black, white and black seat, toe cages, rim brakes. ",https://files.bikeindex.org/uploads/Pu/99295/large_20170518_114610.jpg,https://files.bikeindex.org/uploads/Pu/99296/small_20170518_114349.jpg,https://bikeindex.org/bikes/361177,,来源于 Bike Index 公开 API 记录，建议仅用于研究与标注筛选。,bike_index\c511b27f18f1dba4.jpg,E:\cocoon\study\复习资料\数据可视化\bike_data_platform\data\raw\images\bike_index\c511b27f18f1dba4.jpg,True,2,drop,query含 side (+4) | query含 road bike (+2) | text含 road bike (+1) | 图片接近竖图或竖图 (-4) | 分辨率足够 (+1) | 主体边缘横向覆盖较宽 (+2) | 主体几乎占满垂直方向，疑似非侧视整车 (-2) | 主体边缘框偏竖向，疑似非整车侧视 (-3) | 图像边缘密度适中 (+1),506,900,0.5622,1.0,1.0,0.5605,0.106517
bike_index,2836993,mountain bike side,2024 Hyper E-ride mountain,Hyper,E-ride mountain,2024,It has a rear view mirror on the left handle bar and a cell phone holder on the right hand side along with a tail light on the back of the seat,https://files.bikeindex.org/uploads/Pu/938608/large_IMG_2935.jpg,https://files.bikeindex.org/uploads/Pu/938608/small_IMG_2935.jpg,https://bikeindex.org/bikes/2836993,,来源于 Bike Index 公开 API 记录，建议仅用于研究与标注筛选。,bike_index\384ceeb153cb4c26.jpg,E:\cocoon\study\复习资料\数据可视化\bike_data_platform\data\raw\images\bike_index\384ceeb153cb4c26.jpg,True,2,drop,query含 side (+4) | query含 mountain bike (+2) | text含 mountain bike (+1) | 图片接近竖图或竖图 (-4) | 分辨率足够 (+1) | 主体边缘横向覆盖较宽 (+2) | 主体几乎占满垂直方向，疑似非侧视整车 (-2) | 主体边缘框偏竖向，疑似非整车侧视 (-3) | 图像边缘密度适中 (+1),675,900,0.75,1.0,1.0,0.75,0.116313
bike_index,2827675,mountain bike side,2019 Trek Slash 8,Trek,Slash 8,2019,,https://files.bikeindex.org/uploads/Pu/933145/large_IMG_2086.jpeg,https://files.bikeindex.org/uploads/Pu/933145/small_IMG_2086.jpeg,https://bikeindex.org/bikes/2827675,,来源于 Bike Index 公开 API 记录，建议仅用于研究与标注筛选。,bike_index\b9f10fdc31101bb1.jpeg,E:\cocoon\study\复习资料\数据可视化\bike_data_platform\data\raw\images\bike_index\b9f10fdc31101bb1.jpeg,True,2,drop,query含 side (+4) | query含 mountain bike (+2) | text含 mountain bike (+1) | 图片接近竖图或竖图 (-4) | 分辨率足够 (+1) | 主体边缘横向覆盖较宽 (+2) | 主体几乎占满垂直方向，疑似非侧视整车 (-2) | 主体边缘框偏竖向，疑似非整车侧视 (-3) | 图像边缘密度适中 (+1),675,900,0.75,1.0,1.0,0.75,0.119558
bike_index,2674803,mountain bike side,2019 Trek 190209 23-007W,Trek,190209 23-007W,2019,"A mountain bike with a black frame, wide dark blue handlebars, and text along the side of the bike that says “trek” in a bright blue that fades into purple. The pedals are also blue.",https://files.bikeindex.org/uploads/Pu/850151/large_image000000.jpeg,https://files.bikeindex.org/uploads/Pu/850151/small_image000000.jpeg,https://bikeindex.org/bikes/2674803,,来源于 Bike Index 公开 API 记录，建议仅用于研究与标注筛选。,bike_index\811e4fc9009be3ef.jpeg,E:\cocoon\study\复习资料\数据可视化\bike_data_platform\data\raw\images\bike_index\811e4fc9009be3ef.jpeg,True,2,drop,query含 side (+4) | query含 mountain bike (+2) | text含 mountain bike (+1) | text含 frame (+1) | text含 pedal (-1) | 图片接近竖图或竖图 (-4) | 分辨率足够 (+1) | 主体边缘横向覆盖较宽 (+2) | 主体几乎占满垂直方向，疑似非侧视整车 (-2) | 主体边缘框偏竖向，疑似非整车侧视 (-3) | 图像边缘密度适中 (+1),675,900,0.75,1.0,1.0,0.75,0.110891
bike_index,2664935,mountain bike side,2018 Specialized Enduro Elite,Specialized,Enduro Elite,2018,,https://files.bikeindex.org/uploads/Pu/837479/large_bike.jpg,https://files.bikeindex.org/uploads/Pu/837479/small_bike.jpg,https://bikeindex.org/bikes/2664935,,来源于 Bike Index 公开 API 记录，建议仅用于研究与标注筛选。,bike_index\b856c470f1c7c49c.jpg,E:\cocoon\study\复习资料\数据可视化\bike_data_platform\data\raw\images\bike_index\b856c470f1c7c49c.jpg,True,2,drop,query含 side (+4) | query含 mountain bike (+2) | text含 mountain bike (+1) | 图片接近竖图或竖图 (-4) | 分辨率足够 (+1) | 主体边缘横向覆盖较宽 (+2) | 主体几乎占满垂直方向，疑似非侧视整车 (-2) | 主体边缘框偏竖向，疑似非整车侧视 (-3) | 图像边缘密度适中 (+1),749,900,0.8322,1.0,1.0,0.832,0.077758
bike_index,2650247,mountain bike side,Marin Bikes Pine Mountain,Marin Bikes,Pine Mountain,,Black with Orange accents and tan front shocks. 1990s era,https://files.bikeindex.org/uploads/Pu/829915/large_Marin_Bike.jpg,https://files.bikeindex.org/uploads/Pu/829915/small_Marin_Bike.jpg,https://bikeindex.org/bikes/2650247,,来源于 Bike Index 公开 API 记录，建议仅用于研究与标注筛选。,bike_index\79817aef9a5c42f6.jpg,E:\cocoon\study\复习资料\数据可视化\bike_data_platform\data\raw\images\bike_index\79817aef9a5c42f6.jpg,True,2,drop,query含 side (+4) | query含 mountain bike (+2) | text含 mountain bike (+1) | 图片接近竖图或竖图 (-4) | 分辨率足够 (+1) | 主体边缘横向覆盖较宽 (+2) | 主体几乎占满垂直方向，疑似非侧视整车 (-2) | 主体边缘框偏竖向，疑似非整车侧视 (-3) | 图像边缘密度适中 (+1),675,900,0.75,1.0,1.0,0.75,0.103816
bike_index,1545392,mountain bike side,Marin Bikes Hybrid mountain bike,Marin Bikes,Hybrid mountain bike,,This bike is locked up on the second level on the east side of the pedway near the elevator.  Security has been alerted but doesn't appear to know the next step.,https://files.bikeindex.org/uploads/Pu/715631/large_IMG_8054.jpg,https://files.bikeindex.org/uploads/Pu/715631/small_IMG_8054.jpg,https://bikeindex.org/bikes/1545392,,来源于 Bike Index 公开 API 记录，建议仅用于研究与标注筛选。,bike_index\fb4572675f9569b4.jpg,E:\cocoon\study\复习资料\数据可视化\bike_data_platform\data\raw\images\bike_index\fb4572675f9569b4.jpg,True,2,drop,query含 side (+4) | query含 mountain bike (+2) | text含 mountain bike (+1) | 图片接近竖图或竖图 (-4) | 分辨率足够 (+1) | 主体边缘横向覆盖较宽 (+2) | 主体几乎占满垂直方向，疑似非侧视整车 (-2) | 主体边缘框偏竖向，疑似非整车侧视 (-3) | 图像边缘密度适中 (+1),675,900,0.75,1.0,1.0,0.75,0.089071
bike_index,1294596,mountain bike side,2001 Specialized Stumpjumper M2,Specialized,Stumpjumper M2,2001,"Specialized Stumpjumper M2
2001 or 2002 hardtail (vintage)
26” tires
Red with White writing (black outline)
Bike seat is black with orange on the underside
No serial number recorded
",https://files.bikeindex.org/uploads/Pu/567524/large_image_123986672__1_.JPG,https://files.bikeindex.org/uploads/Pu/567524/small_image_123986672__1_.JPG,https://bikeindex.org/bikes/1294596,,来源于 Bike Index 公开 API 记录，建议仅用于研究与标注筛选。,bike_index\64fb7fcc37ddbb69.jpg,E:\cocoon\study\复习资料\数据可视化\bike_data_platform\data\raw\images\bike_index\64fb7fcc37ddbb69.jpg,True,2,drop,query含 side (+4) | query含 mountain bike (+2) | text含 mountain bike (+1) | 图片接近竖图或竖图 (-4) | 分辨率足够 (+1) | 主体边缘横向覆盖较宽 (+2) | 主体几乎占满垂直方向，疑似非侧视整车 (-2) | 主体边缘框偏竖向，疑似非整车侧视 (-3) | 图像边缘密度适中 (+1),675,900,0.75,1.0,1.0,0.75,0.093353
bike_index,939021,mountain bike side,Trek 8.6 DS,Trek,8.6 DS,,"Trek hybrid mountain bike, blue, black and white.  MEC light on handle bars.  White wall tires.  Rear mud flap.  Purchased at Unite Cycle South side.  ",https://files.bikeindex.org/uploads/Pu/350698/large_2ACDC68D-E6E9-42EB-9082-0B6E89A9B9CA_4_5005_c.jpeg,https://files.bikeindex.org/uploads/Pu/350698/small_2ACDC68D-E6E9-42EB-9082-0B6E89A9B9CA_4_5005_c.jpeg,https://bikeindex.org/bikes/939021,,来源于 Bike Index 公开 API 记录，建议仅用于研究与标注筛选。,bike_index\e4cd2961487df4da.jpeg,E:\cocoon\study\复习资料\数据可视化\bike_data_platform\data\raw\images\bike_index\e4cd2961487df4da.jpeg,True,2,drop,query含 side (+4) | query含 mountain bike (+2) | text含 mountain bike (+1) | 图片接近竖图或竖图 (-4) | 分辨率足够 (+1) | 主体边缘横向覆盖较宽 (+2) | 主体几乎占满垂直方向，疑似非侧视整车 (-2) | 主体边缘框偏竖向，疑似非整车侧视 (-3) | 图像边缘密度适中 (+1),675,900,0.75,1.0,1.0,0.75,0.086675
bike_index,832833,mountain bike side,2018 Specialized Pitch,Specialized,Pitch,2018,"Black Specialized mountain bike with red/white markings, water bottle holder, and low-profile bell.  Thule RideAlong baby seat attached to rear.",https://files.bikeindex.org/uploads/Pu/303136/large_ABF8B650-1BA8-49C1-B723-1ADC9BC9775F.jpeg,https://files.bikeindex.org/uploads/Pu/303136/small_ABF8B650-1BA8-49C1-B723-1ADC9BC9775F.jpeg,https://bikeindex.org/bikes/832833,,来源于 Bike Index 公开 API 记录，建议仅用于研究与标注筛选。,bike_index\3377e12db85abdce.jpeg,E:\cocoon\study\复习资料\数据可视化\bike_data_platform\data\raw\images\bike_index\3377e12db85abdce.jpeg,True,2,drop,query含 side (+4) | query含 mountain bike (+2) | text含 mountain bike (+1) | 图片接近竖图或竖图 (-4) | 分辨率足够 (+1) | 主体边缘横向覆盖较宽 (+2) | 主体几乎占满垂直方向，疑似非侧视整车 (-2) | 主体边缘框偏竖向，疑似非整车侧视 (-3) | 图像边缘密度适中 (+1),675,900,0.75,1.0,1.0,0.75,0.08932
bike_index,698199,mountain bike side,2018 Fyxation East side Fade — Midnight blue,Fyxation,East side Fade — Midnight blue,2018,"Has purple to blue fade paint job. Has bird water bottle holder, large phone holder, purple pedals and purple tire lights. Has a tail light and headlight. Few paint chips on it from where the bike lock goes on it. Has to fyxation stickers on it under the seat on central frame. ",https://files.bikeindex.org/uploads/Pu/225350/large_1652B1B9-1AC2-4CEA-977E-C349EEE04C41.jpeg,https://files.bikeindex.org/uploads/Pu/225350/small_1652B1B9-1AC2-4CEA-977E-C349EEE04C41.jpeg,https://bikeindex.org/bikes/698199,,来源于 Bike Index 公开 API 记录，建议仅用于研究与标注筛选。,bike_index\00a63c983524dcd3.jpeg,E:\cocoon\study\复习资料\数据可视化\bike_data_platform\data\raw\images\bike_index\00a63c983524dcd3.jpeg,True,2,drop,query含 side (+4) | query含 mountain bike (+2) | text含 mountain bike (+1) | text含 frame (+1) | text含 pedal (-1) | 图片接近竖图或竖图 (-4) | 分辨率足够 (+1) | 主体边缘横向覆盖较宽 (+2) | 主体几乎占满垂直方向，疑似非侧视整车 (-2) | 主体边缘框偏竖向，疑似非整车侧视 (-3) | 图像边缘密度适中 (+1),675,900,0.75,1.0,1.0,0.75,0.113037
bike_index,631752,mountain bike side,2018 Cannondale Mountain bike,Cannondale,Mountain bike,2018,"It is a silver bike with black writing saying ""quic"" and ""Cannondale"" and has blue striping along small parts on the frame above the wheels. Has matte black mountain bike style handle bars. Has a white seat with ""Cannondale"" in black letters with a mud flap coming off the back of the seat. Also has ""Si"" in blue letters on the main frame below handle bars. Has a little scuffing on the second bar with ""cannondale"" on it. Has a black drink carrier on second botto3bar and also has a silver bell on left side and a black flashlight on the right handle bar. ",https://files.bikeindex.org/uploads/Pu/168850/large_image-2019-07-15-13-04-20.jpg,https://files.bikeindex.org/uploads/Pu/168850/small_image-2019-07-15-13-04-20.jpg,https://bikeindex.org/bikes/631752,,来源于 Bike Index 公开 API 记录，建议仅用于研究与标注筛选。,bike_index\663eb6d0ee8adf3f.jpg,E:\cocoon\study\复习资料\数据可视化\bike_data_platform\data\raw\images\bike_index\663eb6d0ee8adf3f.jpg,True,2,drop,query含 side (+4) | query含 mountain bike (+2) | text含 mountain bike (+1) | text含 frame (+1) | text含 wheel (+1) | text含 part (-2) | 图片接近竖图或竖图 (-4) | 分辨率足够 (+1) | 主体边缘横向覆盖较宽 (+2) | 主体几乎占满垂直方向，疑似非侧视整车 (-2) | 主体边缘框偏竖向，疑似非整车侧视 (-3) | 图像边缘密度适中 (+1),675,900,0.75,1.0,1.0,0.75,0.079025
bike_index,2573173,road bike side,2021 Giant Giant talon,Giant,Giant talon,2021,"It is a Giant talon 2021, it is super dark green it is black unless you examine it with a magnifying glass. So I just say it’s black. It has a suburban sports sticker on it and it had a bike lock locked on the frame when it was stolen. Whether it is still there I don’t know. ",https://files.bikeindex.org/uploads/Pu/789187/large_IMG_4493.png,https://files.bikeindex.org/uploads/Pu/789187/small_IMG_4493.png,https://bikeindex.org/bikes/2573173,,来源于 Bike Index 公开 API 记录，建议仅用于研究与标注筛选。,bike_index\2d7ebfe8fd534634.png,E:\cocoon\study\复习资料\数据可视化\bike_data_platform\data\raw\images\bike_index\2d7ebfe8fd534634.png,True,1,drop,query含 side (+4) | query含 road bike (+2) | text含 road bike (+1) | text含 frame (+1) | 图片接近竖图或竖图 (-4) | 分辨率足够 (+1) | 主体边缘横向覆盖较宽 (+2) | 主体几乎占满垂直方向，疑似非侧视整车 (-2) | 主体边缘框偏竖向，疑似非整车侧视 (-3) | 图像边缘过密，背景可能较乱 (-1),506,900,0.5622,1.0,1.0,0.5605,0.156869
bike_index,849236,road bike side,Schwinn Volare,Schwinn,Volare,,"The picture i have is a bit old - currently (or before it was stolen) it had a AAA sticker on one side of the frame, and a ""I bike here"" sticker from the washington bikers association.",https://files.bikeindex.org/uploads/Pu/319908/large_IMG_7461.JPG,https://files.bikeindex.org/uploads/Pu/319908/small_IMG_7461.JPG,https://bikeindex.org/bikes/849236,,来源于 Bike Index 公开 API 记录，建议仅用于研究与标注筛选。,bike_index\b08c2b3d35e634bd.jpg,E:\cocoon\study\复习资料\数据可视化\bike_data_platform\data\raw\images\bike_index\b08c2b3d35e634bd.jpg,True,1,drop,query含 side (+4) | query含 road bike (+2) | text含 road bike (+1) | text含 frame (+1) | 图片接近竖图或竖图 (-4) | 分辨率足够 (+1) | 主体边缘横向覆盖较宽 (+2) | 主体几乎占满垂直方向，疑似非侧视整车 (-2) | 主体边缘框偏竖向，疑似非整车侧视 (-3) | 图像边缘过密，背景可能较乱 (-1),675,900,0.75,1.0,1.0,0.75,0.152939
bike_index,755809,road bike side,2018 Felt FR60,Felt,FR60,2018,"Yellow Bar tape with black ""paired"" spoke lace Xero Elemnt C3 wheelset, Bontrager R4 aero 700x22 tires. Gold KMC Super Lite chain, has hollow pins and cut plates. There was some red electrical tape neatly wrapped one time around the right side of the forkswhere i had a Cat Eye Quick wireless bike computer reciever transmitter zip-tied to. There is also only one black plastic bottle cage right now, and a mount for a small tire pump zip-tied to the top tube.",https://files.bikeindex.org/uploads/Pu/260089/large_my_stolen_Felt.jpeg,https://files.bikeindex.org/uploads/Pu/260089/small_my_stolen_Felt.jpeg,https://bikeindex.org/bikes/755809,,来源于 Bike Index 公开 API 记录，建议仅用于研究与标注筛选。,bike_index\43f360289de68e64.jpeg,E:\cocoon\study\复习资料\数据可视化\bike_data_platform\data\raw\images\bike_index\43f360289de68e64.jpeg,True,1,drop,query含 side (+4) | query含 road bike (+2) | text含 road bike (+1) | text含 wheel (+1) | 图片接近竖图或竖图 (-4) | 分辨率足够 (+1) | 主体边缘横向覆盖较宽 (+2) | 主体几乎占满垂直方向，疑似非侧视整车 (-2) | 主体边缘框偏竖向，疑似非整车侧视 (-3) | 图像边缘过密，背景可能较乱 (-1),675,900,0.75,1.0,1.0,0.75,0.159063
bike_index,724509,road bike side,2017 BMC Teammachine SLR02,BMC,Teammachine SLR02,2017,"BMC Teammachine SLR02 Ultegra Di2 Mexico Blue Size 56

Build:  Ultegra DIi Electronic Shifting, Disc Brakes, Quarq Riken Power Meter, Rotor Chainrings (50t/36), Specialized Romin Evo Pro Saddle, Shimano Ultegra 6800 Pedals, 28mm Vitoria Tires

Accessories Mounted:  Garmin Varia Radar, Garmin 1030 Bike Computer, Xlab Gorilla Black Bottle Cages (2x), Louis Garneu Flat Kit Bag Hanging from Saddle

Notes:  Has a Beyond Aero logo (large white B) at Base of Frame.   ""Rotor"" is engraved in white on chain rings.",https://files.bikeindex.org/uploads/Pu/241562/large_IMG_0266.JPG,https://files.bikeindex.org/uploads/Pu/241562/small_IMG_0266.JPG,https://bikeindex.org/bikes/724509,,来源于 Bike Index 公开 API 记录，建议仅用于研究与标注筛选。,bike_index\25fd75e814458069.jpg,E:\cocoon\study\复习资料\数据可视化\bike_data_platform\data\raw\images\bike_index\25fd75e814458069.jpg,True,1,drop,query含 side (+4) | query含 road bike (+2) | text含 road bike (+1) | text含 frame (+1) | text含 bag (-1) | text含 pedal (-1) | 图片接近竖图或竖图 (-4) | 分辨率足够 (+1) | 主体边缘横向覆盖较宽 (+2) | 主体几乎占满垂直方向，疑似非侧视整车 (-2) | 主体边缘框偏竖向，疑似非整车侧视 (-3) | 图像边缘密度适中 (+1),675,900,0.75,1.0,1.0,0.75,0.079554
bike_index,442359,road bike side,Cannondale CAD 3,Cannondale,CAD 3,,"Commuter bike, frame is full of various stickers, BRIGHT pink saddle and pink/gray cameo handlebar tape",https://files.bikeindex.org/uploads/Pu/138049/large_image.jpeg,https://files.bikeindex.org/uploads/Pu/138049/small_image.jpeg,https://bikeindex.org/bikes/442359,,来源于 Bike Index 公开 API 记录，建议仅用于研究与标注筛选。,bike_index\a71ff3faa8e6f975.jpeg,E:\cocoon\study\复习资料\数据可视化\bike_data_platform\data\raw\images\bike_index\a71ff3faa8e6f975.jpeg,True,1,drop,query含 side (+4) | query含 road bike (+2) | text含 road bike (+1) | text含 frame (+1) | 图片接近竖图或竖图 (-4) | 分辨率足够 (+1) | 主体边缘横向覆盖较宽 (+2) | 主体几乎占满垂直方向，疑似非侧视整车 (-2) | 主体边缘框偏竖向，疑似非整车侧视 (-3) | 图像边缘过密，背景可能较乱 (-1),675,900,0.75,1.0,1.0,0.75,0.13532
bike_index,358914,road bike side,2014 Novara Carema 3,Novara,Carema 3,2014,"Road bike with water cage on the top of the handle bar, dropped handle bar.  Caliper breaks.  On-Guard U lock holder on main frame was repaired with clear epoxy glue, one side of bike peddles are for clip-on bike shoes.  Special ergo-correct cushioned seat.  Double padded handle bars.  Black tape on end-caps of handle bars.  ",https://files.bikeindex.org/uploads/Pu/97608/large_2017040195145030951491104839538.jpg,https://files.bikeindex.org/uploads/Pu/97608/small_2017040195145030951491104839538.jpg,https://bikeindex.org/bikes/358914,,来源于 Bike Index 公开 API 记录，建议仅用于研究与标注筛选。,bike_index\c238ba1b75ad01d1.jpg,E:\cocoon\study\复习资料\数据可视化\bike_data_platform\data\raw\images\bike_index\c238ba1b75ad01d1.jpg,True,1,drop,query含 side (+4) | query含 road bike (+2) | text含 road bike (+1) | text含 frame (+1) | 图片接近竖图或竖图 (-4) | 分辨率足够 (+1) | 主体边缘横向覆盖较宽 (+2) | 主体几乎占满垂直方向，疑似非侧视整车 (-2) | 主体边缘框偏竖向，疑似非整车侧视 (-3) | 图像边缘过密，背景可能较乱 (-1),506,900,0.5622,1.0,1.0,0.5605,0.128709
bike_index,123556,road bike side,2012 Specialized Vita Step-Through,Specialized,Vita Step-Through,2012,"My bike is a Specialized Vita Step Through matte black with hot pink trim.  The handle grips are black rubber with pink end tips. It has a black bell on the right, with a bold white sticker on top that says ""I heart my bike"". On the right hand side, it has ""2013"" written on the bar in silver marker. On the left, there is a PDW Coffee Cup Holder. The bike has a brand new Zefal front fender that was purchased the day before it was stole, along with a black seat lock, to a Milano Gel Saddle in Black. It has Shimano silver Sport/Traininig Road pedals, black kick stand, with a Topeak rack in the back. There is also a black Green Guru top tube rubber protector. Lastly, there is a ""Bicycle Habitat - Soho, 250 Lafayette Street
New York, NY 10012"" black/rainbow trim sticker on the base of the bike.

Many thank you's in advance.",https://files.bikeindex.org/uploads/Pu/87828/large_IMG_4530__1_.JPG,https://files.bikeindex.org/uploads/Pu/87828/small_IMG_4530__1_.JPG,https://bikeindex.org/bikes/123556,,来源于 Bike Index 公开 API 记录，建议仅用于研究与标注筛选。,bike_index\485e4d5274644c56.jpg,E:\cocoon\study\复习资料\数据可视化\bike_data_platform\data\raw\images\bike_index\485e4d5274644c56.jpg,True,1,drop,query含 side (+4) | query含 road bike (+2) | text含 road bike (+1) | text含 pedal (-1) | 图片接近竖图或竖图 (-4) | 分辨率足够 (+1) | 主体边缘横向覆盖较宽 (+2) | 主体几乎占满垂直方向，疑似非侧视整车 (-2) | 主体边缘框偏竖向，疑似非整车侧视 (-3) | 图像边缘密度适中 (+1),675,900,0.75,1.0,1.0,0.75,0.09612
bike_index,387129,road bike side,2001 GT Bicycles gt crusier pro series bmx,GT Bicycles,gt crusier pro series bmx,2001,Has dent near the front of the bike on the top tube has standard drop outs and is top loaded clamp action brakes had a blue and black front rim a redline rear rim Tioga power block tires front is 2.10 back is 1.75 has Amber bmx stem has redline proline crank arms and 44t gt sprocket along with sealed bottom bracket berings nine and a half inch raise bars new oddesey grips and had stickers on the bottom left and right rear part of the frame two on the forks one on the very front of the bike on top right behind the top tube it was square and said rock shocks the others said ride to live live to ride the one on the forks where big and round and looked like they had water drops there was an I love chico on the bottom right side of the frame in the back and there is a sticker below the seat post down near the bottom of the bike right above the bottom bracket that was an American flag and said 4130 chromoly on it and mettle peddles seat said velo also has a gt seat post with Allen wrench bolt to tighten it to the rails of the seat ,https://files.bikeindex.org/uploads/Pu/113386/large_received_1931608373769485.jpeg,https://files.bikeindex.org/uploads/Pu/113386/small_received_1931608373769485.jpeg,https://bikeindex.org/bikes/387129,,来源于 Bike Index 公开 API 记录，建议仅用于研究与标注筛选。,bike_index\99f490d4112fe346.jpeg,E:\cocoon\study\复习资料\数据可视化\bike_data_platform\data\raw\images\bike_index\99f490d4112fe346.jpeg,True,1,drop,query含 side (+4) | query含 road bike (+2) | text含 road bike (+1) | text含 frame (+1) | text含 part (-2) | 图片接近竖图或竖图 (-4) | 分辨率足够 (+1) | 主体边缘横向覆盖较宽 (+2) | 主体几乎占满垂直方向，疑似非侧视整车 (-2) | 主体边缘框偏竖向，疑似非整车侧视 (-3) | 图像边缘密度适中 (+1),552,900,0.6133,1.0,1.0,0.6133,0.085179
bike_index,1667371,mountain bike side,2023 Trek,Trek,,2023,"It is a black colour XCaliber 8 bike with a phone case below the handle bar.It has a sticker of ""skis and bikes"" on one side of the pedal.It has a configuration of 1X10 gears",https://files.bikeindex.org/uploads/Pu/750376/large_13651C8A-7CE5-4C92-A3B3-4B712C572A5C.JPG,https://files.bikeindex.org/uploads/Pu/750376/small_13651C8A-7CE5-4C92-A3B3-4B712C572A5C.JPG,https://bikeindex.org/bikes/1667371,,来源于 Bike Index 公开 API 记录，建议仅用于研究与标注筛选。,bike_index\b5cf4cfbb67db944.jpg,E:\cocoon\study\复习资料\数据可视化\bike_data_platform\data\raw\images\bike_index\b5cf4cfbb67db944.jpg,True,1,drop,query含 side (+4) | query含 mountain bike (+2) | text含 mountain bike (+1) | text含 pedal (-1) | 图片接近竖图或竖图 (-4) | 分辨率足够 (+1) | 主体边缘横向覆盖较宽 (+2) | 主体几乎占满垂直方向，疑似非侧视整车 (-2) | 主体边缘框偏竖向，疑似非整车侧视 (-3) | 图像边缘密度适中 (+1),506,900,0.5622,1.0,1.0,0.5605,0.098235
bike_index,2625583,mountain bike side,2006 Specialized Rockhopper Pro Disc All Mountain tall bike,Specialized,Rockhopper Pro Disc All Mountain,2006,"A1 Premium Aluminum, frame geometry designed for 130mm front travel, disc only, ORE DT with forged BB yoke and shell with ISCG mounts, reinforced disc mount, forged and externally machined HT, forged alloy drop outs with eyelets and replaceable derailleur hanger",https://files.bikeindex.org/uploads/Pu/816861/large_1000004028.jpg,https://files.bikeindex.org/uploads/Pu/816861/small_1000004028.jpg,https://bikeindex.org/bikes/2625583,,来源于 Bike Index 公开 API 记录，建议仅用于研究与标注筛选。,bike_index\92f7ae9d215f5dcf.jpg,E:\cocoon\study\复习资料\数据可视化\bike_data_platform\data\raw\images\bike_index\92f7ae9d215f5dcf.jpg,True,1,drop,query含 side (+4) | query含 mountain bike (+2) | text含 mountain bike (+1) | text含 frame (+1) | 图片接近竖图或竖图 (-4) | 分辨率足够 (+1) | 主体边缘横向覆盖较宽 (+2) | 主体几乎占满垂直方向，疑似非侧视整车 (-2) | 主体边缘框偏竖向，疑似非整车侧视 (-3) | 图像边缘过密，背景可能较乱 (-1),675,900,0.75,1.0,1.0,0.75,0.12058
bike_index,1689887,mountain bike side,2023 Hiland MTB 29 inch,Hiland,MTB 29 inch,2023,"a black mountain bike with green glowing “HiLand” lettering. It has no baskets or lights attached. The bike has a large frame (582 mm), 2.1 inch wide wheels with a diameter of 29 inches. It features a black bottle cage and a black saddle with some scratches on one side. The entire bike is black with green glossy lettering and stickers. It has full front and rear gear shifting and disc brakes.",https://files.bikeindex.org/uploads/Pu/762165/large_photo_2023-11-01_13-05-17.jpg,https://files.bikeindex.org/uploads/Pu/762165/small_photo_2023-11-01_13-05-17.jpg,https://bikeindex.org/bikes/1689887,,来源于 Bike Index 公开 API 记录，建议仅用于研究与标注筛选。,bike_index\1675f86b82b3ae3f.jpg,E:\cocoon\study\复习资料\数据可视化\bike_data_platform\data\raw\images\bike_index\1675f86b82b3ae3f.jpg,True,1,drop,query含 side (+4) | query含 mountain bike (+2) | text含 mountain bike (+1) | text含 frame (+1) | text含 wheel (+1) | 图片接近竖图或竖图 (-4) | 分辨率偏低 (-2) | 主体边缘横向覆盖较宽 (+2) | 主体几乎占满垂直方向，疑似非侧视整车 (-2) | 主体边缘框偏竖向，疑似非整车侧视 (-3) | 图像边缘密度适中 (+1),420,900,0.4667,1.0,0.9805,0.4741,0.102235
bike_index,1566032,mountain bike side,Revel Ranger,Revel,Ranger,,Revel small 27.5 mountain bike with orange peddles and orange handle grips. It has protective tape on the frame that is in tiger print. ,https://files.bikeindex.org/uploads/Pu/729422/large_IMG_7990.jpeg,https://files.bikeindex.org/uploads/Pu/729422/small_IMG_7990.jpeg,https://bikeindex.org/bikes/1566032,,来源于 Bike Index 公开 API 记录，建议仅用于研究与标注筛选。,bike_index\a67b09a6c0c650c5.jpeg,E:\cocoon\study\复习资料\数据可视化\bike_data_platform\data\raw\images\bike_index\a67b09a6c0c650c5.jpeg,True,1,drop,query含 side (+4) | query含 mountain bike (+2) | text含 mountain bike (+1) | text含 frame (+1) | 图片接近竖图或竖图 (-4) | 分辨率足够 (+1) | 主体边缘横向覆盖较宽 (+2) | 主体几乎占满垂直方向，疑似非侧视整车 (-2) | 主体边缘框偏竖向，疑似非整车侧视 (-3) | 图像边缘过密，背景可能较乱 (-1),678,900,0.7533,1.0,1.0,0.752,0.134045
bike_index,1522202,mountain bike side,2020 Trek Marlin 6,Trek,Marlin 6,2020,"Swapped mountain tires for Bontrager hybrid,. Scuff on the left side of the seat and on handlebars. Front reflector has a slight crack and one of the pedals is missing 1 reflector (I think it's the right). Had front, back light and phone mount. ",https://files.bikeindex.org/uploads/Pu/699644/large_Screenshot_20230517-103638.png,https://files.bikeindex.org/uploads/Pu/699644/small_Screenshot_20230517-103638.png,https://bikeindex.org/bikes/1522202,,来源于 Bike Index 公开 API 记录，建议仅用于研究与标注筛选。,bike_index\c2d3504c0a0e394a.png,E:\cocoon\study\复习资料\数据可视化\bike_data_platform\data\raw\images\bike_index\c2d3504c0a0e394a.png,True,1,drop,query含 side (+4) | query含 mountain bike (+2) | text含 mountain bike (+1) | text含 pedal (-1) | 图片接近竖图或竖图 (-4) | 分辨率足够 (+1) | 主体边缘横向覆盖较宽 (+2) | 主体几乎占满垂直方向，疑似非侧视整车 (-2) | 主体边缘框偏竖向，疑似非整车侧视 (-3) | 图像边缘密度适中 (+1),673,900,0.7478,1.0,0.9961,0.749,0.096884
bike_index,1157093,mountain bike side,2018 GT Bicycles Avalanche sport 29 men's mountain bike,GT Bicycles,Avalanche sport 29 men's mountain bike,2018,"The bike may still have the phone mount on the right side of the handlebar. Says ""GT"" on the bottom part of the frame, and ""avalanche"" on the bottom part. ",https://files.bikeindex.org/uploads/Pu/479976/large_IMG_2236.png,https://files.bikeindex.org/uploads/Pu/479976/small_IMG_2236.png,https://bikeindex.org/bikes/1157093,,来源于 Bike Index 公开 API 记录，建议仅用于研究与标注筛选。,bike_index\c1a8b4b07dc94c26.png,E:\cocoon\study\复习资料\数据可视化\bike_data_platform\data\raw\images\bike_index\c1a8b4b07dc94c26.png,True,1,drop,query含 side (+4) | query含 mountain bike (+2) | text含 mountain bike (+1) | text含 frame (+1) | text含 part (-2) | 图片接近竖图或竖图 (-4) | 分辨率足够 (+1) | 主体边缘横向覆盖较宽 (+2) | 主体几乎占满垂直方向，疑似非侧视整车 (-2) | 主体边缘框偏竖向，疑似非整车侧视 (-3) | 图像边缘密度适中 (+1),675,900,0.75,1.0,1.0,0.75,0.119965
bike_index,699638,mountain bike side,2018 YT Capra,YT,Capra,2018,"Full suspension mountain bike. Spec'd according to https://www.vitalmtb.com/product/guide/Bikes,3/YT/Capra-29-CF,22089 but with a BrandX dropper post, custom pedals and grips. Lots of scratches including black paint covering a major scratch on the right side of the fork

Note the tires and grips have both been changed since the picture was taken.
",https://files.bikeindex.org/uploads/Pu/226480/large_IMG_1992.JPG,https://files.bikeindex.org/uploads/Pu/226480/small_IMG_1992.JPG,https://bikeindex.org/bikes/699638,,来源于 Bike Index 公开 API 记录，建议仅用于研究与标注筛选。,bike_index\527bcd6667d9e2a4.jpg,E:\cocoon\study\复习资料\数据可视化\bike_data_platform\data\raw\images\bike_index\527bcd6667d9e2a4.jpg,True,1,drop,query含 side (+4) | query含 mountain bike (+2) | text含 mountain bike (+1) | text含 pedal (-1) | 图片接近竖图或竖图 (-4) | 分辨率足够 (+1) | 主体边缘横向覆盖较宽 (+2) | 主体几乎占满垂直方向，疑似非侧视整车 (-2) | 主体边缘框偏竖向，疑似非整车侧视 (-3) | 图像边缘密度适中 (+1),675,900,0.75,1.0,1.0,0.75,0.056992
bike_index,3340261,bicycle,2025 Trek Marlin 7 Gen 3,Trek,Marlin 7 Gen 3,2025,,https://files.bikeindex.org/uploads/Pu/1003909/large_IMG_8146.jpg,https://files.bikeindex.org/uploads/Pu/1003909/small_IMG_8146.jpg,https://bikeindex.org/bikes/3340261,,来源于 Bike Index 公开 API 记录，建议仅用于研究与标注筛选。,bike_index\9867d3481fde260f.jpg,E:\cocoon\study\复习资料\数据可视化\bike_data_platform\data\raw\images\bike_index\9867d3481fde260f.jpg,True,0,drop,分辨率足够 (+1) | 主体边缘横向覆盖较宽 (+2) | 主体几乎占满垂直方向，疑似非侧视整车 (-2) | 图像边缘过密，背景可能较乱 (-1),1029,900,1.1433,1.0,1.0,1.1454,0.126197
bike_index,2928490,road bike side,Opus Alto TiB7005,Opus,Alto TiB7005,,The back tire axle had a Thule Axle Mount EzHitch to attach a bike trailer to. Handlebar tape is mismatched side to side.,https://files.bikeindex.org/uploads/Pu/950209/large_Screenshot_2025-08-11_at_8.12.40_PM.png,https://files.bikeindex.org/uploads/Pu/950209/small_Screenshot_2025-08-11_at_8.12.40_PM.png,https://bikeindex.org/bikes/2928490,,来源于 Bike Index 公开 API 记录，建议仅用于研究与标注筛选。,bike_index\ff802dc46db25f69.png,E:\cocoon\study\复习资料\数据可视化\bike_data_platform\data\raw\images\bike_index\ff802dc46db25f69.png,True,0,drop,query含 side (+4) | query含 road bike (+2) | text含 road bike (+1) | 图片接近竖图或竖图 (-4) | 分辨率足够 (+1) | 主体边缘横向覆盖较宽 (+2) | 主体几乎占满垂直方向，疑似非侧视整车 (-2) | 主体边缘框偏竖向，疑似非整车侧视 (-3) | 图像边缘过密，背景可能较乱 (-1),779,900,0.8656,1.0,1.0,0.8652,0.146899
bike_index,2670737,road bike side,2016 Trek Emonda,Trek,Emonda,2016,"Race / road bike. White seat. Black hand wraps, with duct tape on right side of handle bars. Bontrager wheels and tires. Shimano peddles. ",https://files.bikeindex.org/uploads/Pu/840994/large_IMG_4383.png,https://files.bikeindex.org/uploads/Pu/840994/small_IMG_4383.png,https://bikeindex.org/bikes/2670737,,来源于 Bike Index 公开 API 记录，建议仅用于研究与标注筛选。,bike_index\cadb27a6aa85efb1.png,E:\cocoon\study\复习资料\数据可视化\bike_data_platform\data\raw\images\bike_index\cadb27a6aa85efb1.png,True,0,drop,query含 side (+4) | query含 road bike (+2) | text含 road bike (+1) | text含 wheel (+1) | 图片接近竖图或竖图 (-4) | 分辨率偏低 (-2) | 主体边缘横向覆盖较宽 (+2) | 主体几乎占满垂直方向，疑似非侧视整车 (-2) | 主体边缘框偏竖向，疑似非整车侧视 (-3) | 图像边缘密度适中 (+1),416,900,0.4622,1.0,0.918,0.5021,0.074492
bike_index,2573180,road bike side,2021 Giant Giant talon,Giant,Giant talon,2021,,https://files.bikeindex.org/uploads/Pu/789190/large_IMG_4493.png,https://files.bikeindex.org/uploads/Pu/789190/small_IMG_4493.png,https://bikeindex.org/bikes/2573180,,来源于 Bike Index 公开 API 记录，建议仅用于研究与标注筛选。,bike_index\02f612baf3b07af0.png,E:\cocoon\study\复习资料\数据可视化\bike_data_platform\data\raw\images\bike_index\02f612baf3b07af0.png,True,0,drop,query含 side (+4) | query含 road bike (+2) | text含 road bike (+1) | 图片接近竖图或竖图 (-4) | 分辨率足够 (+1) | 主体边缘横向覆盖较宽 (+2) | 主体几乎占满垂直方向，疑似非侧视整车 (-2) | 主体边缘框偏竖向，疑似非整车侧视 (-3) | 图像边缘过密，背景可能较乱 (-1),506,900,0.5622,1.0,1.0,0.5605,0.156869
bike_index,1677811,road bike side,Bianchi Vigorelli,Bianchi,Vigorelli,,,https://files.bikeindex.org/uploads/Pu/756005/large_IMG_3846.jpeg,https://files.bikeindex.org/uploads/Pu/756005/small_IMG_3846.jpeg,https://bikeindex.org/bikes/1677811,,来源于 Bike Index 公开 API 记录，建议仅用于研究与标注筛选。,bike_index\c3e35e57e2683736.jpeg,E:\cocoon\study\复习资料\数据可视化\bike_data_platform\data\raw\images\bike_index\c3e35e57e2683736.jpeg,True,0,drop,query含 side (+4) | query含 road bike (+2) | text含 road bike (+1) | 图片接近竖图或竖图 (-4) | 分辨率足够 (+1) | 主体边缘横向覆盖较宽 (+2) | 主体几乎占满垂直方向，疑似非侧视整车 (-2) | 主体边缘框偏竖向，疑似非整车侧视 (-3) | 图像边缘过密，背景可能较乱 (-1),675,900,0.75,1.0,1.0,0.75,0.129405
bike_index,1403755,road bike side,2022 Specialized Allez Elite E5 Road Bike,Specialized,Allez Elite E5 Road Bike,2022,,https://files.bikeindex.org/uploads/Pu/639345/large_AA0005D2-DE7A-4EE9-9188-2F86C96595A1.jpeg,https://files.bikeindex.org/uploads/Pu/639345/small_AA0005D2-DE7A-4EE9-9188-2F86C96595A1.jpeg,https://bikeindex.org/bikes/1403755,,来源于 Bike Index 公开 API 记录，建议仅用于研究与标注筛选。,bike_index\5a928c4f4c5ebd05.jpeg,E:\cocoon\study\复习资料\数据可视化\bike_data_platform\data\raw\images\bike_index\5a928c4f4c5ebd05.jpeg,True,0,drop,query含 side (+4) | query含 road bike (+2) | text含 road bike (+1) | 图片接近竖图或竖图 (-4) | 分辨率足够 (+1) | 主体边缘横向覆盖较宽 (+2) | 主体几乎占满垂直方向，疑似非侧视整车 (-2) | 主体边缘框偏竖向，疑似非整车侧视 (-3) | 图像边缘过密，背景可能较乱 (-1),506,900,0.5622,1.0,1.0,0.5605,0.149227
bike_index,1157179,road bike side,2014 Schwinn Speedster,Schwinn,Speedster,2014,"A ton of scuffs on either side of the front fork. I recently put on a black metal waterbottle holder on the front fork. Much newer front tire. Rear tire is a continental road tire. White leather saddle with a nickel sized section of leather ripped off around one of the metal pegs that holds the leather on the black plastic. A tiny led blinker on the rear post hanging on what looks like a hairtie. The rubber grip on the right side of the handlebar is always a little bit off of the bar, it slides around a little. Chain probably pretty rusty, I haven't oiled it recently. Either a 2014 or a 2015, I can't remember. LOOKS LIKE A FIXIE BUT ITS AN 3 SPEED INTERNAL HUB! Coaster brakes.

Overall pretty beat up, but I really loved it.",https://files.bikeindex.org/uploads/Pu/479997/large_59139361436__37A02222-DF42-479D-BD06-CDFDBD341848.JPG,https://files.bikeindex.org/uploads/Pu/479997/small_59139361436__37A02222-DF42-479D-BD06-CDFDBD341848.JPG,https://bikeindex.org/bikes/1157179,,来源于 Bike Index 公开 API 记录，建议仅用于研究与标注筛选。,bike_index\40cd3cef5e3a31d5.jpg,E:\cocoon\study\复习资料\数据可视化\bike_data_platform\data\raw\images\bike_index\40cd3cef5e3a31d5.jpg,True,0,drop,query含 side (+4) | query含 road bike (+2) | text含 road bike (+1) | 图片接近竖图或竖图 (-4) | 分辨率足够 (+1) | 主体边缘横向覆盖较宽 (+2) | 主体几乎占满垂直方向，疑似非侧视整车 (-2) | 主体边缘框偏竖向，疑似非整车侧视 (-3) | 图像边缘过密，背景可能较乱 (-1),675,900,0.75,1.0,1.0,0.75,0.169769
bike_index,1158037,road bike side,2014 Schwinn Speedster,Schwinn,Speedster,2014,"A ton of scuffs on either side of the front fork. I recently put on a black metal waterbottle holder on the front fork. Much newer front tire. Rear tire is a continental road tire. White leather saddle with a nickel sized section of leather ripped off around one of the metal pegs that holds the leather on the black plastic. A tiny led blinker on the rear post hanging on what looks like a hairtie. The rubber grip on the right side of the handlebar is always a little bit off of the bar, it slides around a little. Chain probably pretty rusty, I haven't oiled it recently. Either a 2014 or a 2015, I can't remember. LOOKS LIKE A FIXIE BUT ITS AN 3 SPEED INTERNAL HUB! Coaster brakes.

Overall pretty beat up, but I really loved it.",https://files.bikeindex.org/uploads/Pu/480374/large_My_Schwinn_Speedster.JPG,https://files.bikeindex.org/uploads/Pu/480374/small_My_Schwinn_Speedster.JPG,https://bikeindex.org/bikes/1158037,,来源于 Bike Index 公开 API 记录，建议仅用于研究与标注筛选。,bike_index\a746b2825e21f7ce.jpg,E:\cocoon\study\复习资料\数据可视化\bike_data_platform\data\raw\images\bike_index\a746b2825e21f7ce.jpg,True,0,drop,query含 side (+4) | query含 road bike (+2) | text含 road bike (+1) | 图片接近竖图或竖图 (-4) | 分辨率足够 (+1) | 主体边缘横向覆盖较宽 (+2) | 主体几乎占满垂直方向，疑似非侧视整车 (-2) | 主体边缘框偏竖向，疑似非整车侧视 (-3) | 图像边缘过密，背景可能较乱 (-1),675,900,0.75,1.0,1.0,0.75,0.169495
bike_index,1136123,road bike side,2020 Bilda Road Bike,Bilda,Road Bike,2020,"White frame with ""academic juug"" on the side as well as a red supreme sticker. Seat is brown leather.",https://files.bikeindex.org/uploads/Pu/475160/large_IMG_1911.jpg,https://files.bikeindex.org/uploads/Pu/475160/small_IMG_1911.jpg,https://bikeindex.org/bikes/1136123,,来源于 Bike Index 公开 API 记录，建议仅用于研究与标注筛选。,bike_index\c7f302b8b65b1d95.jpg,E:\cocoon\study\复习资料\数据可视化\bike_data_platform\data\raw\images\bike_index\c7f302b8b65b1d95.jpg,True,0,drop,query含 side (+4) | query含 road bike (+2) | text含 road bike (+1) | text含 frame (+1) | 图片接近竖图或竖图 (-4) | 分辨率偏低 (-2) | 主体边缘横向覆盖较宽 (+2) | 主体几乎占满垂直方向，疑似非侧视整车 (-2) | 主体边缘框偏竖向，疑似非整车侧视 (-3) | 图像边缘密度适中 (+1),398,900,0.4422,1.0,1.0,0.4414,0.105944
bike_index,950663,road bike side,Trek Madone 2.0,Trek,Madone 2.0,,Serial listed as: xxxxx13 E 1391 but the serial is the WTU# shown in photo,https://files.bikeindex.org/uploads/Pu/365793/large_Road_bike_Trek_Madonne_2__pic_1.jpg,https://files.bikeindex.org/uploads/Pu/365793/small_Road_bike_Trek_Madonne_2__pic_1.jpg,https://bikeindex.org/bikes/950663,,来源于 Bike Index 公开 API 记录，建议仅用于研究与标注筛选。,bike_index\91ac3fd9b27f2ed2.jpg,E:\cocoon\study\复习资料\数据可视化\bike_data_platform\data\raw\images\bike_index\91ac3fd9b27f2ed2.jpg,True,0,drop,query含 side (+4) | query含 road bike (+2) | text含 road bike (+1) | 图片接近竖图或竖图 (-4) | 分辨率足够 (+1) | 主体边缘横向覆盖较宽 (+2) | 主体几乎占满垂直方向，疑似非侧视整车 (-2) | 主体边缘框偏竖向，疑似非整车侧视 (-3) | 图像边缘过密，背景可能较乱 (-1),674,900,0.7489,1.0,1.0,0.748,0.12705
bike_index,949060,road bike side,Specialized Dolce Elite,Specialized,Dolce Elite,,My bike is a white specialized dolce elite road bike with a carbon seat post. It has black writing on the side and the handle bars are white. It fits someone who is about 5'7,https://files.bikeindex.org/uploads/Pu/364273/large_IMG_0901.jpg,https://files.bikeindex.org/uploads/Pu/364273/small_IMG_0901.jpg,https://bikeindex.org/bikes/949060,,来源于 Bike Index 公开 API 记录，建议仅用于研究与标注筛选。,bike_index\39883ad643843965.jpg,E:\cocoon\study\复习资料\数据可视化\bike_data_platform\data\raw\images\bike_index\39883ad643843965.jpg,True,0,drop,query含 side (+4) | query含 road bike (+2) | text含 road bike (+1) | 图片接近竖图或竖图 (-4) | 分辨率足够 (+1) | 主体边缘横向覆盖较宽 (+2) | 主体几乎占满垂直方向，疑似非侧视整车 (-2) | 主体边缘框偏竖向，疑似非整车侧视 (-3) | 图像边缘过密，背景可能较乱 (-1),675,900,0.75,1.0,1.0,0.75,0.141418
bike_index,791793,road bike side,2018 GT Bicycles Avalanche sport,GT Bicycles,Avalanche sport,2018,"  aftermarket parts DMR Death Grips -Snow Camo KORE TORSION RISER BAR black chainstay protector dmr bikes sticker on left side  
Theft Description

bike taken from garden on cranhill close and road away on hollybrook way street at 10:30 pm",https://files.bikeindex.org/uploads/Pu/288056/large_IMG_0164.JPEG,https://files.bikeindex.org/uploads/Pu/288056/small_IMG_0164.JPEG,https://bikeindex.org/bikes/791793,,来源于 Bike Index 公开 API 记录，建议仅用于研究与标注筛选。,bike_index\5c1d91e4e6b6239b.jpeg,E:\cocoon\study\复习资料\数据可视化\bike_data_platform\data\raw\images\bike_index\5c1d91e4e6b6239b.jpeg,True,0,drop,query含 side (+4) | query含 road bike (+2) | text含 road bike (+1) | text含 part (-2) | 图片接近竖图或竖图 (-4) | 分辨率足够 (+1) | 主体边缘横向覆盖较宽 (+2) | 主体几乎占满垂直方向，疑似非侧视整车 (-2) | 主体边缘框偏竖向，疑似非整车侧视 (-3) | 图像边缘密度适中 (+1),675,900,0.75,1.0,1.0,0.75,0.091985
bike_index,105138,road bike side,2016 Specialized road,Specialized,road,2016,,https://files.bikeindex.org/uploads/Pu/73409/large_15195834_220274695078797_451592644673922854_o.jpg,https://files.bikeindex.org/uploads/Pu/73409/small_15195834_220274695078797_451592644673922854_o.jpg,https://bikeindex.org/bikes/105138,,来源于 Bike Index 公开 API 记录，建议仅用于研究与标注筛选。,bike_index\73dc3e74075ac18f.jpg,E:\cocoon\study\复习资料\数据可视化\bike_data_platform\data\raw\images\bike_index\73dc3e74075ac18f.jpg,True,0,drop,query含 side (+4) | query含 road bike (+2) | text含 road bike (+1) | 图片接近竖图或竖图 (-4) | 分辨率足够 (+1) | 主体边缘横向覆盖较宽 (+2) | 主体几乎占满垂直方向，疑似非侧视整车 (-2) | 主体边缘框偏竖向，疑似非整车侧视 (-3) | 图像边缘过密，背景可能较乱 (-1),672,900,0.7467,1.0,1.0,0.7461,0.150513
bike_index,104037,road bike side,2011 Trek Bodega,Trek,Bodega,2011,Gold Series Aluminum,https://files.bikeindex.org/uploads/Pu/72592/large_Szymon-bike-Kirgystan.jpg,https://files.bikeindex.org/uploads/Pu/72592/small_Szymon-bike-Kirgystan.jpg,https://bikeindex.org/bikes/104037,,来源于 Bike Index 公开 API 记录，建议仅用于研究与标注筛选。,bike_index\01fca5c3b7bd6cfd.jpg,E:\cocoon\study\复习资料\数据可视化\bike_data_platform\data\raw\images\bike_index\01fca5c3b7bd6cfd.jpg,True,0,drop,query含 side (+4) | query含 road bike (+2) | text含 road bike (+1) | 图片接近竖图或竖图 (-4) | 分辨率足够 (+1) | 主体边缘横向覆盖较宽 (+2) | 主体几乎占满垂直方向，疑似非侧视整车 (-2) | 主体边缘框偏竖向，疑似非整车侧视 (-3) | 图像边缘过密，背景可能较乱 (-1),675,900,0.75,1.0,1.0,0.75,0.139013
bike_index,3187781,mountain bike side,2014 Cannondale foray,Cannondale,foray,2014,mountain bike grayish blue and pink ,https://files.bikeindex.org/uploads/Pu/965367/large_image.jpg,https://files.bikeindex.org/uploads/Pu/965367/small_image.jpg,https://bikeindex.org/bikes/3187781,,来源于 Bike Index 公开 API 记录，建议仅用于研究与标注筛选。,bike_index\0684e206843a1491.jpg,E:\cocoon\study\复习资料\数据可视化\bike_data_platform\data\raw\images\bike_index\0684e206843a1491.jpg,True,0,drop,query含 side (+4) | query含 mountain bike (+2) | text含 mountain bike (+1) | 图片接近竖图或竖图 (-4) | 分辨率足够 (+1) | 主体边缘横向覆盖较宽 (+2) | 主体几乎占满垂直方向，疑似非侧视整车 (-2) | 主体边缘框偏竖向，疑似非整车侧视 (-3) | 图像边缘过密，背景可能较乱 (-1),675,900,0.75,1.0,1.0,0.75,0.122803
bike_index,3179159,mountain bike side,2021 Giant Fathom 29,Giant,Fathom 29,2021,,https://files.bikeindex.org/uploads/Pu/962497/large_camphoto_1254324197.jpeg,https://files.bikeindex.org/uploads/Pu/962497/small_camphoto_1254324197.jpeg,https://bikeindex.org/bikes/3179159,,来源于 Bike Index 公开 API 记录，建议仅用于研究与标注筛选。,bike_index\6465bbc2ff271889.jpeg,E:\cocoon\study\复习资料\数据可视化\bike_data_platform\data\raw\images\bike_index\6465bbc2ff271889.jpeg,True,0,drop,query含 side (+4) | query含 mountain bike (+2) | text含 mountain bike (+1) | 图片接近竖图或竖图 (-4) | 分辨率足够 (+1) | 主体边缘横向覆盖较宽 (+2) | 主体几乎占满垂直方向，疑似非侧视整车 (-2) | 主体边缘框偏竖向，疑似非整车侧视 (-3) | 图像边缘过密，背景可能较乱 (-1),675,900,0.75,1.0,1.0,0.75,0.133931
bike_index,1425399,mountain bike side,2017 REI Co-op,REI Co-op,,2017,Deep blue mountain bike with my name (Emika) written in silver Sharpie on the top side of the upper bracket. ,https://files.bikeindex.org/uploads/Pu/651049/large_IMG_1759_copy.jpg,https://files.bikeindex.org/uploads/Pu/651049/small_IMG_1759_copy.jpg,https://bikeindex.org/bikes/1425399,,来源于 Bike Index 公开 API 记录，建议仅用于研究与标注筛选。,bike_index\f6e0f4af8ee8712e.jpg,E:\cocoon\study\复习资料\数据可视化\bike_data_platform\data\raw\images\bike_index\f6e0f4af8ee8712e.jpg,True,0,drop,query含 side (+4) | query含 mountain bike (+2) | text含 mountain bike (+1) | 图片接近竖图或竖图 (-4) | 分辨率足够 (+1) | 主体边缘横向覆盖较宽 (+2) | 主体几乎占满垂直方向，疑似非侧视整车 (-2) | 主体边缘框偏竖向，疑似非整车侧视 (-3) | 图像边缘过密，背景可能较乱 (-1),827,900,0.9189,1.0,1.0,0.918,0.136287
bike_index,1267609,mountain bike side,2019 Specialized Enduro,Specialized,Enduro,2019,,https://files.bikeindex.org/uploads/Pu/555985/large_6857E9D5-3968-4D40-A8A9-A011F81DD686.jpeg,https://files.bikeindex.org/uploads/Pu/555985/small_6857E9D5-3968-4D40-A8A9-A011F81DD686.jpeg,https://bikeindex.org/bikes/1267609,,来源于 Bike Index 公开 API 记录，建议仅用于研究与标注筛选。,bike_index\0aa57a53665c6413.jpeg,E:\cocoon\study\复习资料\数据可视化\bike_data_platform\data\raw\images\bike_index\0aa57a53665c6413.jpeg,True,0,drop,query含 side (+4) | query含 mountain bike (+2) | text含 mountain bike (+1) | 图片接近竖图或竖图 (-4) | 分辨率足够 (+1) | 主体边缘横向覆盖较宽 (+2) | 主体几乎占满垂直方向，疑似非侧视整车 (-2) | 主体边缘框偏竖向，疑似非整车侧视 (-3) | 图像边缘过密，背景可能较乱 (-1),764,900,0.8489,1.0,1.0,0.8477,0.178652
bike_index,1231315,mountain bike side,2017 Norco Bikes Half suspension Mountain Bike,Norco Bikes,Half suspension Mountain Bike,2017,,https://files.bikeindex.org/uploads/Pu/539081/large_Stolen_Bike.jpg,https://files.bikeindex.org/uploads/Pu/539081/small_Stolen_Bike.jpg,https://bikeindex.org/bikes/1231315,,来源于 Bike Index 公开 API 记录，建议仅用于研究与标注筛选。,bike_index\d0a88d68d64aa13c.jpg,E:\cocoon\study\复习资料\数据可视化\bike_data_platform\data\raw\images\bike_index\d0a88d68d64aa13c.jpg,True,0,drop,query含 side (+4) | query含 mountain bike (+2) | text含 mountain bike (+1) | 图片接近竖图或竖图 (-4) | 分辨率足够 (+1) | 主体边缘横向覆盖较宽 (+2) | 主体几乎占满垂直方向，疑似非侧视整车 (-2) | 主体边缘框偏竖向，疑似非整车侧视 (-3) | 图像边缘过密，背景可能较乱 (-1),802,900,0.8911,1.0,1.0,0.8906,0.13952
bike_index,1041202,mountain bike side,2020 Supercycle Outlook Dual Suspension Mountain Bike,Supercycle,Outlook Dual Suspension Mountain Bike,2020,Had a bell on right handlebar,https://files.bikeindex.org/uploads/Pu/421930/large_IMG_9557.jpg,https://files.bikeindex.org/uploads/Pu/421930/small_IMG_9557.jpg,https://bikeindex.org/bikes/1041202,,来源于 Bike Index 公开 API 记录，建议仅用于研究与标注筛选。,bike_index\c92df1b06fc4ae12.jpg,E:\cocoon\study\复习资料\数据可视化\bike_data_platform\data\raw\images\bike_index\c92df1b06fc4ae12.jpg,True,0,drop,query含 side (+4) | query含 mountain bike (+2) | text含 mountain bike (+1) | 图片接近竖图或竖图 (-4) | 分辨率足够 (+1) | 主体边缘横向覆盖较宽 (+2) | 主体几乎占满垂直方向，疑似非侧视整车 (-2) | 主体边缘框偏竖向，疑似非整车侧视 (-3) | 图像边缘过密，背景可能较乱 (-1),675,900,0.75,1.0,1.0,0.75,0.149353
bike_index,603597,mountain bike side,2019 Specialized Women's Sirrus V-Brake,Specialized,Women's Sirrus V-Brake,2019,,https://files.bikeindex.org/uploads/Pu/153706/large_IMG_5674.jpg,https://files.bikeindex.org/uploads/Pu/153706/small_IMG_5674.jpg,https://bikeindex.org/bikes/603597,,来源于 Bike Index 公开 API 记录，建议仅用于研究与标注筛选。,bike_index\0d92eb134be6ed05.jpg,E:\cocoon\study\复习资料\数据可视化\bike_data_platform\data\raw\images\bike_index\0d92eb134be6ed05.jpg,True,0,drop,query含 side (+4) | query含 mountain bike (+2) | text含 mountain bike (+1) | 图片接近竖图或竖图 (-4) | 分辨率足够 (+1) | 主体边缘横向覆盖较宽 (+2) | 主体几乎占满垂直方向，疑似非侧视整车 (-2) | 主体边缘框偏竖向，疑似非整车侧视 (-3) | 图像边缘过密，背景可能较乱 (-1),675,900,0.75,1.0,1.0,0.75,0.137721
bike_index,2591019,road bike side,2022 Pure Cycles Pure cycles,Pure Cycles,Pure cycles,2022,Almost new pure cycles road bike. Has Claris shifters and derailer.16 speed. Has 700c wheels with Hutchinson tires.has a metal cup holder with a silver and yellow tire pump connected to it on the downtime. Had a pouch or bag on the top tube by the seat and another bag on the handle bar. Also has a c-19 almost black Brooks saddle. The saddle has like a teal blue paint kinda splattered on the bottom of it. And lastly it has some really cool pedals that have the oil color changing look to them. I had my bike locked up out side with a cable lock.they cut the  cable during the nite,https://files.bikeindex.org/uploads/Pu/800575/large_20240423_162456.jpg,https://files.bikeindex.org/uploads/Pu/800575/small_20240423_162456.jpg,https://bikeindex.org/bikes/2591019,,来源于 Bike Index 公开 API 记录，建议仅用于研究与标注筛选。,bike_index\b4e44df62050a423.jpg,E:\cocoon\study\复习资料\数据可视化\bike_data_platform\data\raw\images\bike_index\b4e44df62050a423.jpg,True,-1,drop,query含 side (+4) | query含 road bike (+2) | text含 road bike (+1) | text含 wheel (+1) | text含 bag (-1) | text含 pedal (-1) | 图片接近竖图或竖图 (-4) | 分辨率足够 (+1) | 主体边缘横向覆盖较宽 (+2) | 主体几乎占满垂直方向，疑似非侧视整车 (-2) | 主体边缘框偏竖向，疑似非整车侧视 (-3) | 图像边缘过密，背景可能较乱 (-1),506,900,0.5622,1.0,1.0,0.5605,0.124605
bike_index,1562470,road bike side,Trek 2000,Trek,2000,,"Dark purple/maroon Trek road bike with brown leather handlebar tape. The gear shifters are mismatched, with the one on the right side being an older brand with the brand name scratched off. The tires are mismatched as well, with the back one being a slightly thicker multi-surface material and the front one being a regular road bike tire. ",https://files.bikeindex.org/uploads/Pu/727066/large_Screenshot_20230726_123512_Gallery.jpg,https://files.bikeindex.org/uploads/Pu/727066/small_Screenshot_20230726_123512_Gallery.jpg,https://bikeindex.org/bikes/1562470,,来源于 Bike Index 公开 API 记录，建议仅用于研究与标注筛选。,bike_index\a109322c5637a80a.jpg,E:\cocoon\study\复习资料\数据可视化\bike_data_platform\data\raw\images\bike_index\a109322c5637a80a.jpg,True,-1,drop,query含 side (+4) | query含 road bike (+2) | text含 road bike (+1) | 图片接近竖图或竖图 (-4) | 分辨率偏低 (-2) | 主体边缘横向覆盖较宽 (+2) | 主体几乎占满垂直方向，疑似非侧视整车 (-2) | 主体边缘框偏竖向，疑似非整车侧视 (-3) | 图像边缘密度适中 (+1),405,900,0.45,1.0,1.0,0.4492,0.105868
bike_index,1102987,road bike side,2020 Trek Allant+ 7S,Trek,Allant+ 7S,2020,"Navy blue road cruiser with black front and rear mudguards, rear mounted carrier rack usually equipped with a white pills speaker and right mounted grey and black side saddle. ",https://files.bikeindex.org/uploads/Pu/494358/large_IMG_1427.PNG,https://files.bikeindex.org/uploads/Pu/494358/small_IMG_1427.PNG,https://bikeindex.org/bikes/1102987,,来源于 Bike Index 公开 API 记录，建议仅用于研究与标注筛选。,bike_index\7086740f66e67c8b.png,E:\cocoon\study\复习资料\数据可视化\bike_data_platform\data\raw\images\bike_index\7086740f66e67c8b.png,True,-1,drop,query含 side (+4) | query含 road bike (+2) | text含 road bike (+1) | 图片接近竖图或竖图 (-4) | 分辨率偏低 (-2) | 主体边缘横向覆盖较宽 (+2) | 主体几乎占满垂直方向，疑似非侧视整车 (-2) | 主体边缘框偏竖向，疑似非整车侧视 (-3) | 图像边缘密度适中 (+1),416,900,0.4622,1.0,1.0,0.4609,0.112123
bike_index,456078,road bike side,2017 MEC Provincial Road 222,MEC,Provincial Road 222,2017,"It had a black and red bar tapes, Shimano Clipless pedals, Continental tires, Brooks Saddle with a scratch in the right side of it.",https://files.bikeindex.org/uploads/Pu/139595/large_IMG_3831.JPG,https://files.bikeindex.org/uploads/Pu/139595/small_IMG_3831.JPG,https://bikeindex.org/bikes/456078,,来源于 Bike Index 公开 API 记录，建议仅用于研究与标注筛选。,bike_index\9cfc164c37b326ec.jpg,E:\cocoon\study\复习资料\数据可视化\bike_data_platform\data\raw\images\bike_index\9cfc164c37b326ec.jpg,True,-1,drop,query含 side (+4) | query含 road bike (+2) | text含 road bike (+1) | text含 pedal (-1) | 图片接近竖图或竖图 (-4) | 分辨率足够 (+1) | 主体边缘横向覆盖较宽 (+2) | 主体几乎占满垂直方向，疑似非侧视整车 (-2) | 主体边缘框偏竖向，疑似非整车侧视 (-3) | 图像边缘过密，背景可能较乱 (-1),675,900,0.75,1.0,1.0,0.75,0.124359
bike_index,2834340,mountain bike side,2008 Marin Bikes Mount Vision,Marin Bikes,Mount Vision,2008,"Brief description: Full suspension bike, 26” wheels, white with distinctive Purple brake handles, purple disc brake callipers, purple brake discs and golden wheel hubs. Marin “Bear” logo on front of bike and bar end caps.

Components: 
Forks: 		Fox Float 120 RL
Rear shock:	Fox RP3 - Kashima coated
Handlebars:	BrandX
Seat Post: 	BrandX dropper post
Brakes: 	Hope Tech E4 Callipers (in purple) with Tech 2 brake levers (in purple)
Disc rotors:	Hope 180mm front, 160mm rear (in purple)
Wheel hub:	Hope Evo 2 (in gold)
Wheel rims: 	26” Mavic XC717 Disc
Tires:
		- front: Shwalbe Hans Dampf
		- rear: Specialized (?) 
Gears:		Shimano XT groupset:
		- rear derailleur and cogs: Shimano XT
		- Cranks: Shimano XT (silver)
		- front shifter (right hand handlebar): Shimano XT
		- RaceFace narrow-wide 1x 32t front cog (on crank arm)
Accessories: Black Crud Guard (mountain bike mud guard) on main down tube attached with black rubber bands, small bits of green/yellow tape in places. Green ‘Hope’ sticker on lower part of swing arm by rear gears. Black neoprene/velcro chain protector on lower part of swing arm - right hand side only.
The bike had significant upgrades from the stock purchase, notably the braking system was added as an upgrade, as were the wheels, dropper seat post, handlebar and front cog. 
",https://files.bikeindex.org/uploads/Pu/936945/large_IMG_1994.JPG,https://files.bikeindex.org/uploads/Pu/936945/small_IMG_1994.JPG,https://bikeindex.org/bikes/2834340,,来源于 Bike Index 公开 API 记录，建议仅用于研究与标注筛选。,bike_index\a12c23c27fbed372.jpg,E:\cocoon\study\复习资料\数据可视化\bike_data_platform\data\raw\images\bike_index\a12c23c27fbed372.jpg,True,-1,drop,query含 side (+4) | query含 mountain bike (+2) | text含 mountain bike (+1) | text含 wheel (+1) | text含 part (-2) | 图片接近竖图或竖图 (-4) | 分辨率足够 (+1) | 主体边缘横向覆盖较宽 (+2) | 主体几乎占满垂直方向，疑似非侧视整车 (-2) | 主体边缘框偏竖向，疑似非整车侧视 (-3) | 图像边缘过密，背景可能较乱 (-1),662,900,0.7356,1.0,1.0,0.7344,0.152697
bike_index,1062681,mountain bike side,2015 Trek Remedy 7,Trek,Remedy 7,2015,"Full suspension, mountain bike in good condition. Minor scratches. Not bottle cage or saddle bag. Shimano Deore/SLX groupset. The bike is a UK model so the break levers are on the opposite side to Asian models left = rear.",https://files.bikeindex.org/uploads/Pu/435325/large_7E553758-90E6-4397-8E20-D73C07C30199.JPG,https://files.bikeindex.org/uploads/Pu/435325/small_7E553758-90E6-4397-8E20-D73C07C30199.JPG,https://bikeindex.org/bikes/1062681,,来源于 Bike Index 公开 API 记录，建议仅用于研究与标注筛选。,bike_index\a652d042b2f1862a.jpg,E:\cocoon\study\复习资料\数据可视化\bike_data_platform\data\raw\images\bike_index\a652d042b2f1862a.jpg,True,-1,drop,query含 side (+4) | query含 mountain bike (+2) | text含 mountain bike (+1) | text含 bag (-1) | 图片接近竖图或竖图 (-4) | 分辨率足够 (+1) | 主体边缘横向覆盖较宽 (+2) | 主体几乎占满垂直方向，疑似非侧视整车 (-2) | 主体边缘框偏竖向，疑似非整车侧视 (-3) | 图像边缘过密，背景可能较乱 (-1),506,900,0.5622,1.0,1.0,0.5605,0.121005
bike_index,1034883,road bike side,2013 Cube Acid,Cube,Acid,2013,"The bike is a large-frame hardtail with a red, grey and black design. It has Rockshox forks with red lettering, the front tyre is Cube's own with again, red and grey design. The back wheel is a DT SWISS replacement in black with white lettering.

The pedals are metal MTB pedals made by 'Stolen Bike Co' (the irony!), handlebar is black by Easton Monkey Bar. There is a 'pop-loc' feature for the suspension system with the trigger on the handlebar. 

The saddle is black and a ladies fit with a quick-release mechanism on the seat post to raise or drop the saddle. 

Tyres are grey and chunky, there's a bike bell on the left side and a black and blue torch-like light on the right. There's a bottle holder on the frame along with a mini pump clip and pump, if it's still there. 
There are a few scratches and dings on the frame - a sign of a well-used and loved bike. ",https://files.bikeindex.org/uploads/Pu/417785/large_20210408_153356.jpg,https://files.bikeindex.org/uploads/Pu/417785/small_20210408_153356.jpg,https://bikeindex.org/bikes/1034883,,来源于 Bike Index 公开 API 记录，建议仅用于研究与标注筛选。,bike_index\fc86c9764976dd41.jpg,E:\cocoon\study\复习资料\数据可视化\bike_data_platform\data\raw\images\bike_index\fc86c9764976dd41.jpg,True,-2,drop,query含 side (+4) | query含 road bike (+2) | text含 road bike (+1) | text含 frame (+1) | text含 wheel (+1) | text含 pedal (-1) | 图片接近竖图或竖图 (-4) | 分辨率偏低 (-2) | 主体边缘横向覆盖较宽 (+2) | 主体几乎占满垂直方向，疑似非侧视整车 (-2) | 主体边缘框偏竖向，疑似非整车侧视 (-3) | 图像边缘过密，背景可能较乱 (-1),455,900,0.5056,1.0,1.0,0.5039,0.161905
bike_index,1376400,mountain bike side,2022 Trek Marlin 6,Trek,Marlin 6,2022,Added/swapped Out grips And pedals from black to red. Otherwise stock. ,https://files.bikeindex.org/uploads/Pu/623528/large_4392E86D-1E5D-4FCE-B325-87C5841AB563.jpeg,https://files.bikeindex.org/uploads/Pu/623528/small_4392E86D-1E5D-4FCE-B325-87C5841AB563.jpeg,https://bikeindex.org/bikes/1376400,,来源于 Bike Index 公开 API 记录，建议仅用于研究与标注筛选。,bike_index\ba3e8c14260679b4.jpeg,E:\cocoon\study\复习资料\数据可视化\bike_data_platform\data\raw\images\bike_index\ba3e8c14260679b4.jpeg,True,-2,drop,query含 side (+4) | query含 mountain bike (+2) | text含 mountain bike (+1) | text含 pedal (-1) | 图片接近竖图或竖图 (-4) | 分辨率偏低 (-2) | 主体边缘横向覆盖较宽 (+2) | 主体几乎占满垂直方向，疑似非侧视整车 (-2) | 主体边缘框偏竖向，疑似非整车侧视 (-3) | 图像边缘密度适中 (+1),416,900,0.4622,1.0,1.0,0.4609,0.119753
bike_index,1118013,road bike side,2021 Cube Nuroad EX,Cube,Nuroad EX,2021,,https://files.bikeindex.org/uploads/Pu/464719/large_20210524_171443.jpg,https://files.bikeindex.org/uploads/Pu/464719/small_20210524_171443.jpg,https://bikeindex.org/bikes/1118013,,来源于 Bike Index 公开 API 记录，建议仅用于研究与标注筛选。,bike_index\5c9b7cfe646200d1.jpg,E:\cocoon\study\复习资料\数据可视化\bike_data_platform\data\raw\images\bike_index\5c9b7cfe646200d1.jpg,True,-3,drop,query含 side (+4) | query含 road bike (+2) | text含 road bike (+1) | 图片接近竖图或竖图 (-4) | 分辨率偏低 (-2) | 主体边缘横向覆盖较宽 (+2) | 主体几乎占满垂直方向，疑似非侧视整车 (-2) | 主体边缘框偏竖向，疑似非整车侧视 (-3) | 图像边缘过密，背景可能较乱 (-1),426,900,0.4733,1.0,1.0,0.4727,0.130512
bike_index,3383271,mountain bike side,Supercycle Medalist,Supercycle,Medalist,,Supercycle ALUMINUM 6061 SERIES Medalist (the handlebar was replaced with a regular mountain bike handle bar),https://files.bikeindex.org/uploads/Pu/1026163/large_20260506_073051.jpg,https://files.bikeindex.org/uploads/Pu/1026163/small_20260506_073051.jpg,https://bikeindex.org/bikes/3383271,,来源于 Bike Index 公开 API 记录，建议仅用于研究与标注筛选。,bike_index\ee882d16de170df7.jpg,E:\cocoon\study\复习资料\数据可视化\bike_data_platform\data\raw\images\bike_index\ee882d16de170df7.jpg,True,-3,drop,query含 side (+4) | query含 mountain bike (+2) | text含 mountain bike (+1) | 图片接近竖图或竖图 (-4) | 分辨率偏低 (-2) | 主体边缘横向覆盖较宽 (+2) | 主体几乎占满垂直方向，疑似非侧视整车 (-2) | 主体边缘框偏竖向，疑似非整车侧视 (-3) | 图像边缘过密，背景可能较乱 (-1),406,900,0.4511,1.0,1.0,0.4492,0.133118
bike_index,2778791,mountain bike side,2021 Kona Process 134 DL,Kona,Process 134 DL,2021,,https://files.bikeindex.org/uploads/Pu/904558/large_20210330_132116.jpeg,https://files.bikeindex.org/uploads/Pu/904558/small_20210330_132116.jpeg,https://bikeindex.org/bikes/2778791,,来源于 Bike Index 公开 API 记录，建议仅用于研究与标注筛选。,bike_index\f281925e5f1dfcc4.jpeg,E:\cocoon\study\复习资料\数据可视化\bike_data_platform\data\raw\images\bike_index\f281925e5f1dfcc4.jpeg,True,-3,drop,query含 side (+4) | query含 mountain bike (+2) | text含 mountain bike (+1) | 图片接近竖图或竖图 (-4) | 分辨率偏低 (-2) | 主体边缘横向覆盖较宽 (+2) | 主体几乎占满垂直方向，疑似非侧视整车 (-2) | 主体边缘框偏竖向，疑似非整车侧视 (-3) | 图像边缘过密，背景可能较乱 (-1),426,900,0.4733,1.0,1.0,0.4727,0.179316
bike_index,3361847,mountain bike side,2024 Trek Marlin 5 - Gen 2,Trek,Marlin 5 - Gen 2,2024,"Stolen Trek Marlin 5 – very distinctive color and setup, not a stock build.

Frame color: Volt Blue → Miami Green fade (bright, high-visibility gradient that really stands out)
Rear pannier rack/bag attached
Hybrid clip-in pedals (clip-in + flat combo)
Handlebar-mounted phone holder
Center/top tube bag mounted just behind the stem
Front and rear lights installed
Bell + horn on handlebars
Side-view mirrors on BOTH sides (uncommon and highly noticeable)

This bike is extremely recognizable due to the bright blue-to-green fade and the number of accessories. It looks more like a commuter/touring setup than a typical mountain bike.

If you see anything matching this description, even partially, please reach out.",https://files.bikeindex.org/uploads/Pu/1015770/large_WhatsApp_Image_2.jpeg,https://files.bikeindex.org/uploads/Pu/1015770/small_WhatsApp_Image_2.jpeg,https://bikeindex.org/bikes/3361847,,来源于 Bike Index 公开 API 记录，建议仅用于研究与标注筛选。,bike_index\96d9d6964ba6442d.jpeg,E:\cocoon\study\复习资料\数据可视化\bike_data_platform\data\raw\images\bike_index\96d9d6964ba6442d.jpeg,True,-4,drop,query含 side (+4) | query含 mountain bike (+2) | text含 mountain bike (+1) | text含 frame (+1) | text含 bag (-1) | text含 pedal (-1) | text含 part (-2) | 图片接近竖图或竖图 (-4) | 分辨率偏低 (-2) | 主体边缘横向覆盖较宽 (+2) | 主体几乎占满垂直方向，疑似非侧视整车 (-2) | 主体边缘框偏竖向，疑似非整车侧视 (-3) | 图像边缘密度适中 (+1),494,900,0.5489,1.0,1.0,0.5488,0.110431
